standard_code,version,frame,status,tier1_code,tier1_title,tier1_title_en,tier1_status,tier2_code,tier2_title,tier2_title_en,tier2_status,tier3_id,tier3_title,tier3_title_en,tier3_status,level_code,level_name,level_name_en,standard_type_code,standard_type_title,standard_group_code,standard_group_title,create_date,last_update,status_mapping,status_report
1,1,7,1,PRT,สาขาวิชาชีพอุตสาหกรรมการพิมพ์,Printing Industry,1,PRS,สาขางานพิมพ์,None,1,272.0,อาชีพช่างพิมพ์ดิจิทัล ,None,1,02,ชั้น 2,Level 2,1,มาตรฐานอาชีพ,INDUSTRIAL,อุตสาหกรรม,2022-07-08 14:52:07.123,2022-07-08 14:52:07.123,0,0
2,1,7,1,PRT,สาขาวิชาชีพอุตสาหกรรมการพิมพ์,Printing Industry,1,PRS,สาขางานพิมพ์,None,1,272.0,อาชีพช่างพิมพ์ดิจิทัล ,None,1,03,ชั้น 3,Level 3,1,มาตรฐานอาชีพ,INDUSTRIAL,อุตสาหกรรม,2022-07-08 14:52:09.010,2022-07-08 14:52:09.010,0,0
3,1,7,1,PRT,สาขาวิชาชีพอุตสาหกรรมการพิมพ์,Printing Industry,1,PRS,สาขางานพิมพ์,None,1,272.0,อาชีพช่างพิมพ์ดิจิทัล ,None,1,01,ชั้น 1,Level 1,1,มาตรฐานอาชีพ,INDUSTRIAL,อุตสาหกรรม,2022-07-08 14:52:11.260,2022-07-08 14:52:11.260,0,0
4,1,7,1,PRT,สาขาวิชาชีพอุตสาหกรรมการพิมพ์,Printing Industry,1,PRS,สาขางานพิมพ์,None,1,273.0,อาชีพช่างพิมพ์สกรีน ,None,1,01,ชั้น 1,Level 1,1,มาตรฐานอาชีพ,INDUSTRIAL,อุตสาหกรรม,2022-07-08 14:52:16.450,2022-07-08 14:52:16.450,0,0
5,1,7,1,PRT,สาขาวิชาชีพอุตสาหกรรมการพิมพ์,Printing Industry,1,PRS,สาขางานพิมพ์,None,1,273.0,อาชีพช่างพิมพ์สกรีน ,None,1,02,ชั้น 2,Level 2,1,มาตรฐานอาชีพ,INDUSTRIAL,อุตสาหกรรม,2022-07-08 14:52:18.183,2022-07-08 14:52:18.183,0,0
6,1,7,1,PRT,สาขาวิชาชีพอุตสาหกรรมการพิมพ์,Printing Industry,1,PRS,สาขางานพิมพ์,None,1,273.0,อาชีพช่างพิมพ์สกรีน ,None,1,03,ชั้น 3,Level 3,1,มาตรฐานอาชีพ,INDUSTRIAL,อุตสาหกรรม,2022-07-08 14:52:19.903,2022-07-08 14:52:19.903,0,0
7,1,7,1,PRT,สาขาวิชาชีพอุตสาหกรรมการพิมพ์,Printing Industry,1,PRS,สาขางานพิมพ์,None,1,273.0,อาชีพช่างพิมพ์สกรีน ,None,1,04,ชั้น 4,Level 4,1,มาตรฐานอาชีพ,INDUSTRIAL,อุตสาหกรรม,2022-07-08 14:52:21.417,2022-07-08 14:52:21.417,0,0
8,1,7,1,PRT,สาขาวิชาชีพอุตสาหกรรมการพิมพ์,Printing Industry,1,PRS,สาขางานพิมพ์,None,1,274.0,อาชีพช่างพิมพ์ออฟเซตป้อนม้วน,None,1,02,ชั้น 2,Level 2,1,มาตรฐานอาชีพ,INDUSTRIAL,อุตสาหกรรม,2022-07-08 14:52:26.180,2022-07-08 14:52:26.180,0,0
9,1,7,1,PRT,สาขาวิชาชีพอุตสาหกรรมการพิมพ์,Printing Industry,1,PRS,สาขางานพิมพ์,None,1,274.0,อาชีพช่างพิมพ์ออฟเซตป้อนม้วน,None,1,03,ชั้น 3,Level 3,1,มาตรฐานอาชีพ,INDUSTRIAL,อุตสาหกรรม,2022-07-08 14:52:29.643,2022-07-08 14:52:29.643,0,0
10,1,7,1,PRT,สาขาวิชาชีพอุตสาหกรรมการพิมพ์,Printing Industry,1,PRS,สาขางานพิมพ์,None,1,274.0,อาชีพช่างพิมพ์ออฟเซตป้อนม้วน,None,1,04,ชั้น 4,Level 4,1,มาตรฐานอาชีพ,INDUSTRIAL,อุตสาหกรรม,2022-07-08 14:52:31.637,2022-07-08 14:52:31.637,0,0
11,1,7,1,PRT,สาขาวิชาชีพอุตสาหกรรมการพิมพ์,Printing Industry,1,PRS,สาขางานพิมพ์,None,1,274.0,อาชีพช่างพิมพ์ออฟเซตป้อนม้วน,None,1,01,ชั้น 1,Level 1,1,มาตรฐานอาชีพ,INDUSTRIAL,อุตสาหกรรม,2022-07-08 14:52:33.623,2022-07-08 14:52:33.623,0,0
12,1,7,1,PRT,สาขาวิชาชีพอุตสาหกรรมการพิมพ์,Printing Industry,1,PRS,สาขางานพิมพ์,None,1,275.0,อาชีพช่างพิมพ์ออฟเซตป้อนแผ่น ,None,1,01,ชั้น 1,Level 1,1,มาตรฐานอาชีพ,INDUSTRIAL,อุตสาหกรรม,2022-07-08 14:52:35.470,2022-07-08 14:52:35.470,0,0
13,1,7,1,PRT,สาขาวิชาชีพอุตสาหกรรมการพิมพ์,Printing Industry,1,PRS,สาขางานพิมพ์,None,1,275.0,อาชีพช่างพิมพ์ออฟเซตป้อนแผ่น ,None,1,02,ชั้น 2,Level 2,1,มาตรฐานอาชีพ,INDUSTRIAL,อุตสาหกรรม,2022-07-08 14:52:37.983,2022-07-08 14:52:37.983,0,0
14,1,7,1,PRT,สาขาวิชาชีพอุตสาหกรรมการพิมพ์,Printing Industry,1,PRS,สาขางานพิมพ์,None,1,275.0,อาชีพช่างพิมพ์ออฟเซตป้อนแผ่น ,None,1,03,ชั้น 3,Level 3,1,มาตรฐานอาชีพ,INDUSTRIAL,อุตสาหกรรม,2022-07-08 14:52:41.360,2022-07-08 14:52:41.360,0,0
15,1,7,1,PRT,สาขาวิชาชีพอุตสาหกรรมการพิมพ์,Printing Industry,1,PRS,สาขางานพิมพ์,None,1,275.0,อาชีพช่างพิมพ์ออฟเซตป้อนแผ่น ,None,1,04,ชั้น 4,Level 4,1,มาตรฐานอาชีพ,INDUSTRIAL,อุตสาหกรรม,2022-07-08 14:52:43.780,2022-07-08 14:52:43.780,0,0
16,1,7,1,LOG,สาขาวิชาชีพโลจิสติกส์,Logistics,1,FFD,สาขางานจัดการขนส่งสินค้าระหว่างประเทศ,Freight Forwarder Management,0,750.0,อาชีพผู้ให้บริการขนส่งสินค้าระหว่างประเทศ ,Freight Forwarder,0,02,ชั้น 2,Level 2,1,มาตรฐานอาชีพ,SERVICE,บริการ,2022-07-08 14:52:47.687,2022-07-08 14:52:47.687,0,0
17,1,7,1,LOG,สาขาวิชาชีพโลจิสติกส์,Logistics,1,FFD,สาขางานจัดการขนส่งสินค้าระหว่างประเทศ,Freight Forwarder Management,0,750.0,อาชีพผู้ให้บริการขนส่งสินค้าระหว่างประเทศ ,Freight Forwarder,0,03,ชั้น 3,Level 3,1,มาตรฐานอาชีพ,SERVICE,บริการ,2022-07-08 14:52:57.033,2022-07-08 14:52:57.033,0,0
18,1,7,1,LOG,สาขาวิชาชีพโลจิสติกส์,Logistics,1,FFD,สาขางานจัดการขนส่งสินค้าระหว่างประเทศ,Freight Forwarder Management,0,750.0,อาชีพผู้ให้บริการขนส่งสินค้าระหว่างประเทศ ,Freight Forwarder,0,04,ชั้น 4,Level 4,1,มาตรฐานอาชีพ,SERVICE,บริการ,2022-07-08 14:53:08.950,2022-07-08 14:53:08.950,0,0
19,1,7,1,LOG,สาขาวิชาชีพโลจิสติกส์,Logistics,1,FFD,สาขางานจัดการขนส่งสินค้าระหว่างประเทศ,Freight Forwarder Management,0,750.0,อาชีพผู้ให้บริการขนส่งสินค้าระหว่างประเทศ ,Freight Forwarder,0,05,ชั้น 5,Level 5,1,มาตรฐานอาชีพ,SERVICE,บริการ,2022-07-08 14:53:16.793,2022-07-08 14:53:16.793,0,0
20,1,7,1,LOG,สาขาวิชาชีพโลจิสติกส์,Logistics,1,FFD,สาขางานจัดการขนส่งสินค้าระหว่างประเทศ,Freight Forwarder Management,0,750.0,อาชีพผู้ให้บริการขนส่งสินค้าระหว่างประเทศ ,Freight Forwarder,0,06,ชั้น 6,Level 6,1,มาตรฐานอาชีพ,SERVICE,บริการ,2022-07-08 14:53:20.747,2022-07-08 14:53:20.747,0,0
21,1,7,1,LOG,สาขาวิชาชีพโลจิสติกส์,Logistics,1,WID,สาขางานจัดการคลังสินค้า สินค้าคงคลัง และการกระจายสินค้า,"Warehouse, Inventory and Distribution Management",0,782.0,อาชีพผู้ควบคุมคลังสินค้า ,Warehouse Supervisor,0,01,ชั้น 1,Level 1,1,มาตรฐานอาชีพ,SERVICE,บริการ,2022-07-08 14:53:23.993,2022-07-08 14:53:23.993,0,0
22,1,7,1,LOG,สาขาวิชาชีพโลจิสติกส์,Logistics,1,WID,สาขางานจัดการคลังสินค้า สินค้าคงคลัง และการกระจายสินค้า,"Warehouse, Inventory and Distribution Management",0,784.0,อาชีพผู้ควบคุมสินค้าคงคลัง ,Inventory Supervisor,0,01,ชั้น 1,Level 1,1,มาตรฐานอาชีพ,SERVICE,บริการ,2022-07-08 14:53:25.507,2022-07-08 14:53:25.507,0,0
23,1,7,1,LOG,สาขาวิชาชีพโลจิสติกส์,Logistics,1,WID,สาขางานจัดการคลังสินค้า สินค้าคงคลัง และการกระจายสินค้า,"Warehouse, Inventory and Distribution Management",0,782.0,อาชีพผู้ควบคุมคลังสินค้า ,Warehouse Supervisor,0,02,ชั้น 2,Level 2,1,มาตรฐานอาชีพ,SERVICE,บริการ,2022-07-08 14:53:27.367,2022-07-08 14:53:27.367,0,0
24,1,7,0,LOG,สาขาวิชาชีพโลจิสติกส์,Logistics,1,WID,สาขางานจัดการคลังสินค้า สินค้าคงคลัง และการกระจายสินค้า,"Warehouse, Inventory and Distribution Management",0,782.0,อาชีพผู้ควบคุมคลังสินค้า ,Warehouse Supervisor,0,03,ชั้น 3,Level 3,1,มาตรฐานอาชีพ,SERVICE,บริการ,2022-07-08 14:53:30.230,2022-07-08 14:53:30.230,0,0
25,1,7,1,LOG,สาขาวิชาชีพโลจิสติกส์,Logistics,1,WID,สาขางานจัดการคลังสินค้า สินค้าคงคลัง และการกระจายสินค้า,"Warehouse, Inventory and Distribution Management",0,782.0,อาชีพผู้ควบคุมคลังสินค้า ,Warehouse Supervisor,0,04,ชั้น 4,Level 4,1,มาตรฐานอาชีพ,SERVICE,บริการ,2022-07-08 14:53:34.127,2022-07-08 14:53:34.127,0,0
26,1,7,1,LOG,สาขาวิชาชีพโลจิสติกส์,Logistics,1,WID,สาขางานจัดการคลังสินค้า สินค้าคงคลัง และการกระจายสินค้า,"Warehouse, Inventory and Distribution Management",0,781.0,อาชีพผู้ควบคุมการกระจายสินค้า ,Warehouse Supervisor,0,04,ชั้น 4,Level 4,1,มาตรฐานอาชีพ,SERVICE,บริการ,2022-07-08 14:53:38.060,2022-07-08 14:53:38.060,0,0
27,1,7,1,LOG,สาขาวิชาชีพโลจิสติกส์,Logistics,1,WID,สาขางานจัดการคลังสินค้า สินค้าคงคลัง และการกระจายสินค้า,"Warehouse, Inventory and Distribution Management",0,784.0,อาชีพผู้ควบคุมสินค้าคงคลัง ,Inventory Supervisor,0,04,ชั้น 4,Level 4,1,มาตรฐานอาชีพ,SERVICE,บริการ,2022-07-08 14:53:41.483,2022-07-08 14:53:41.483,0,0
28,1,7,1,LOG,สาขาวิชาชีพโลจิสติกส์,Logistics,1,WID,สาขางานจัดการคลังสินค้า สินค้าคงคลัง และการกระจายสินค้า,"Warehouse, Inventory and Distribution Management",0,787.0,อาชีพผู้บริหารงานคลังสินค้า ,Warehouse Manager,0,05,ชั้น 5,Level 5,1,มาตรฐานอาชีพ,SERVICE,บริการ,2022-07-08 14:53:44.930,2022-07-08 14:53:44.930,0,0
29,1,7,1,LOG,สาขาวิชาชีพโลจิสติกส์,Logistics,1,WID,สาขางานจัดการคลังสินค้า สินค้าคงคลัง และการกระจายสินค้า,"Warehouse, Inventory and Distribution Management",0,790.0,อาชีพผู้บริหารงานสินค้าคงคลัง ,Inventory Manager,0,05,ชั้น 5,Level 5,1,มาตรฐานอาชีพ,SERVICE,บริการ,2022-07-08 14:53:48.323,2022-07-08 14:53:48.323,0,0
30,1,7,1,LOG,สาขาวิชาชีพโลจิสติกส์,Logistics,1,WID,สาขางานจัดการคลังสินค้า สินค้าคงคลัง และการกระจายสินค้า,"Warehouse, Inventory and Distribution Management",0,787.0,อาชีพผู้บริหารงานคลังสินค้า ,Warehouse Manager,0,06,ชั้น 6,Level 6,1,มาตรฐานอาชีพ,SERVICE,บริการ,2022-07-08 14:53:51.737,2022-07-08 14:53:51.737,0,0
31,1,7,1,LOG,สาขาวิชาชีพโลจิสติกส์,Logistics,1,WID,สาขางานจัดการคลังสินค้า สินค้าคงคลัง และการกระจายสินค้า,"Warehouse, Inventory and Distribution Management",0,789.0,อาชีพผู้บริหารงานควบคุมการกระจายสินค้า ,Control and Distribute Product Manager,0,06,ชั้น 6,Level 6,1,มาตรฐานอาชีพ,SERVICE,บริการ,2022-07-08 14:53:54.440,2022-07-08 14:53:54.440,0,0
32,1,7,1,LOG,สาขาวิชาชีพโลจิสติกส์,Logistics,1,WID,สาขางานจัดการคลังสินค้า สินค้าคงคลัง และการกระจายสินค้า,"Warehouse, Inventory and Distribution Management",0,790.0,อาชีพผู้บริหารงานสินค้าคงคลัง ,Inventory Manager,0,06,ชั้น 6,Level 6,1,มาตรฐานอาชีพ,SERVICE,บริการ,2022-07-08 14:53:56.760,2022-07-08 14:53:56.760,0,0
33,1,7,1,LOG,สาขาวิชาชีพโลจิสติกส์,Logistics,1,WID,สาขางานจัดการคลังสินค้า สินค้าคงคลัง และการกระจายสินค้า,"Warehouse, Inventory and Distribution Management",0,789.0,อาชีพผู้บริหารงานควบคุมการกระจายสินค้า ,Control and Distribute Product Manager,0,07,ชั้น 7,Level 7,1,มาตรฐานอาชีพ,SERVICE,บริการ,2022-07-08 14:53:59.160,2022-07-08 14:53:59.160,0,0
34,1,7,1,LOG,สาขาวิชาชีพโลจิสติกส์,Logistics,1,WID,สาขางานจัดการคลังสินค้า สินค้าคงคลัง และการกระจายสินค้า,"Warehouse, Inventory and Distribution Management",0,790.0,อาชีพผู้บริหารงานสินค้าคงคลัง ,Inventory Manager,0,07,ชั้น 7,Level 7,1,มาตรฐานอาชีพ,SERVICE,บริการ,2022-07-08 14:54:01.227,2022-07-08 14:54:01.227,0,0
35,1,7,1,LOG,สาขาวิชาชีพโลจิสติกส์,Logistics,1,WID,สาขางานจัดการคลังสินค้า สินค้าคงคลัง และการกระจายสินค้า,"Warehouse, Inventory and Distribution Management",0,787.0,อาชีพผู้บริหารงานคลังสินค้า ,Warehouse Manager,0,07,ชั้น 7,Level 7,1,มาตรฐานอาชีพ,SERVICE,บริการ,2022-07-08 14:54:03.353,2022-07-08 14:54:03.353,0,0
36,1,7,1,LOG,สาขาวิชาชีพโลจิสติกส์,Logistics,1,WID,สาขางานจัดการคลังสินค้า สินค้าคงคลัง และการกระจายสินค้า,"Warehouse, Inventory and Distribution Management",0,789.0,อาชีพผู้บริหารงานควบคุมการกระจายสินค้า ,Control and Distribute Product Manager,0,05,ชั้น 5,Level 5,1,มาตรฐานอาชีพ,SERVICE,บริการ,2022-07-08 14:54:06.043,2022-07-08 14:54:06.043,0,0
37,1,7,1,LOG,สาขาวิชาชีพโลจิสติกส์,Logistics,1,EXI,สาขางานส่งออกและนำเข้า,Import and Export,0,731.0,อาชีพเจ้าหน้าที่ธุรการส่งออกและนำเข้า ,Import and Export Administrative Officer,0,01,ชั้น 1,Level 1,1,มาตรฐานอาชีพ,SERVICE,บริการ,2022-07-08 14:54:08.943,2022-07-08 14:54:08.943,0,0
38,1,7,1,LOG,สาขาวิชาชีพโลจิสติกส์,Logistics,1,EXI,สาขางานส่งออกและนำเข้า,Import and Export,0,732.0,อาชีพเจ้าหน้าที่อาวุโสส่งออกและนำเข้า ,Senior Import And Export Officer,0,02,ชั้น 2,Level 2,1,มาตรฐานอาชีพ,SERVICE,บริการ,2022-07-08 14:54:11.023,2022-07-08 14:54:11.023,0,0
39,1,7,1,LOG,สาขาวิชาชีพโลจิสติกส์,Logistics,1,EXI,สาขางานส่งออกและนำเข้า,Import and Export,0,730.0,อาชีพผู้ผ่านพิธีการศุลกากรรับอนุญาต ,Customs Broker,0,03,ชั้น 3,Level 3,1,มาตรฐานอาชีพ,SERVICE,บริการ,2022-07-08 14:54:13.727,2022-07-08 14:54:13.727,0,0
40,1,7,1,LOG,สาขาวิชาชีพโลจิสติกส์,Logistics,1,EXI,สาขางานส่งออกและนำเข้า,Import and Export,0,727.0,อาชีพผู้ชำนาญการศุลกากร ,Customs Professional,0,04,ชั้น 4,Level 4,1,มาตรฐานอาชีพ,SERVICE,บริการ,2022-07-08 14:54:17.247,2022-07-08 14:54:17.247,0,0
41,1,7,1,LOG,สาขาวิชาชีพโลจิสติกส์,Logistics,1,POO,สาขาจัดซื้อ จัดหา จัดจ้าง,Procurement,1,908.0,อาชีพนักจัดซื้อ จัดหา จัดจ้าง,Procurement Officer,1,03,ชั้น 3,Level 3,1,มาตรฐานอาชีพ,SERVICE,บริการ,2022-07-08 14:54:20.453,2022-07-08 14:54:20.453,0,0
42,1,7,1,LOG,สาขาวิชาชีพโลจิสติกส์,Logistics,1,POO,สาขาจัดซื้อ จัดหา จัดจ้าง,Procurement,1,908.0,อาชีพนักจัดซื้อ จัดหา จัดจ้าง,Procurement Officer,1,04,ชั้น 4,Level 4,1,มาตรฐานอาชีพ,SERVICE,บริการ,2022-07-08 14:54:23.233,2022-07-08 14:54:23.233,0,0
43,1,7,1,LOG,สาขาวิชาชีพโลจิสติกส์,Logistics,1,POO,สาขาจัดซื้อ จัดหา จัดจ้าง,Procurement,1,908.0,อาชีพนักจัดซื้อ จัดหา จัดจ้าง,Procurement Officer,1,05,ชั้น 5,Level 5,1,มาตรฐานอาชีพ,SERVICE,บริการ,2022-07-08 14:54:25.063,2022-07-08 14:54:25.063,0,0
44,1,7,1,LOG,สาขาวิชาชีพโลจิสติกส์,Logistics,1,POO,สาขาจัดซื้อ จัดหา จัดจ้าง,Procurement,1,908.0,อาชีพนักจัดซื้อ จัดหา จัดจ้าง,Procurement Officer,1,06,ชั้น 6,Level 6,1,มาตรฐานอาชีพ,SERVICE,บริการ,2022-07-08 14:54:27.290,2022-07-08 14:54:27.290,0,0
45,1,7,0,PUT,สาขาวิชาชีพขนส่งชุมชน,Community Transportation,1,None,None,None,None,685.0,อาชีพผู้ขับขี่รถยนต์โดยสารสาธารณะ (แท็กซี่) ,Taxi Driver,1,01,ชั้น 1,Level 1,1,มาตรฐานอาชีพ,SERVICE,บริการ,2022-07-08 14:54:29.747,2022-07-08 14:54:29.747,0,0
46,1,7,0,PUT,สาขาวิชาชีพขนส่งชุมชน,Community Transportation,1,None,None,None,None,685.0,อาชีพผู้ขับขี่รถยนต์โดยสารสาธารณะ (แท็กซี่) ,Taxi Driver,1,02,ชั้น 2,Level 2,1,มาตรฐานอาชีพ,SERVICE,บริการ,2022-07-08 14:54:32.280,2022-07-08 14:54:32.280,0,0
47,1,7,0,PUT,สาขาวิชาชีพขนส่งชุมชน,Community Transportation,1,None,None,None,None,685.0,อาชีพผู้ขับขี่รถยนต์โดยสารสาธารณะ (แท็กซี่) ,Taxi Driver,1,03,ชั้น 3,Level 3,1,มาตรฐานอาชีพ,SERVICE,บริการ,2022-07-08 14:54:34.050,2022-07-08 14:54:34.050,0,0
48,1,7,1,MLD,สาขาวิชาชีพอุตสาหกรรมการผลิตแม่พิมพ์,Mold Manufacturing Industry,1,MPT,สาขางานแม่พิมพ์พลาสติก,Plastic Molding,1,230.0,อาชีพช่างขัดเงาแม่พิมพ์ ,Mold Polishing Technician,0,03,ชั้น 3,Level 3,1,มาตรฐานอาชีพ,INDUSTRIAL,อุตสาหกรรม,2022-07-08 14:54:35.950,2022-07-08 14:54:35.950,0,0
49,1,7,1,MLD,สาขาวิชาชีพอุตสาหกรรมการผลิตแม่พิมพ์,Mold Manufacturing Industry,1,MPT,สาขางานแม่พิมพ์พลาสติก,Plastic Molding,1,230.0,อาชีพช่างขัดเงาแม่พิมพ์ ,Mold Polishing Technician,0,04,ชั้น 4,Level 4,1,มาตรฐานอาชีพ,INDUSTRIAL,อุตสาหกรรม,2022-07-08 14:54:38.030,2022-07-08 14:54:38.030,0,0
50,1,7,1,MLD,สาขาวิชาชีพอุตสาหกรรมการผลิตแม่พิมพ์,Mold Manufacturing Industry,1,MPT,สาขางานแม่พิมพ์พลาสติก,Plastic Molding,1,231.0,อาชีพช่างซ่อมบำรุงรักษาแม่พิมพ์ฉีดพลาสติก ,Plastic Injection Mold Maintenance Technician,1,02,ชั้น 2,Level 2,1,มาตรฐานอาชีพ,INDUSTRIAL,อุตสาหกรรม,2022-07-08 14:54:39.667,2022-07-08 14:54:39.667,0,0
51,1,7,1,MLD,สาขาวิชาชีพอุตสาหกรรมการผลิตแม่พิมพ์,Mold Manufacturing Industry,1,MPT,สาขางานแม่พิมพ์พลาสติก,Plastic Molding,1,231.0,อาชีพช่างซ่อมบำรุงรักษาแม่พิมพ์ฉีดพลาสติก ,Plastic Injection Mold Maintenance Technician,1,03,ชั้น 3,Level 3,1,มาตรฐานอาชีพ,INDUSTRIAL,อุตสาหกรรม,2022-07-08 14:54:43.163,2022-07-08 14:54:43.163,0,0
52,1,7,1,MLD,สาขาวิชาชีพอุตสาหกรรมการผลิตแม่พิมพ์,Mold Manufacturing Industry,1,MPT,สาขางานแม่พิมพ์พลาสติก,Plastic Molding,1,231.0,อาชีพช่างซ่อมบำรุงรักษาแม่พิมพ์ฉีดพลาสติก ,Plastic Injection Mold Maintenance Technician,1,04,ชั้น 4,Level 4,1,มาตรฐานอาชีพ,INDUSTRIAL,อุตสาหกรรม,2022-07-08 14:54:44.700,2022-07-08 14:54:44.700,0,0
53,1,7,1,MLD,สาขาวิชาชีพอุตสาหกรรมการผลิตแม่พิมพ์,Mold Manufacturing Industry,1,MPT,สาขางานแม่พิมพ์พลาสติก,Plastic Molding,1,232.0,อาชีพช่างปรับประกอบแม่พิมพ์ฉีดพลาสติก ,Plastic Injection Mold Assembly Technician,1,03,ชั้น 3,Level 3,1,มาตรฐานอาชีพ,INDUSTRIAL,อุตสาหกรรม,2022-07-08 14:54:46.467,2022-07-08 14:54:46.467,0,0
54,1,7,1,MLD,สาขาวิชาชีพอุตสาหกรรมการผลิตแม่พิมพ์,Mold Manufacturing Industry,1,MPT,สาขางานแม่พิมพ์พลาสติก,Plastic Molding,1,232.0,อาชีพช่างปรับประกอบแม่พิมพ์ฉีดพลาสติก ,Plastic Injection Mold Assembly Technician,1,04,ชั้น 4,Level 4,1,มาตรฐานอาชีพ,INDUSTRIAL,อุตสาหกรรม,2022-07-08 14:54:48.650,2022-07-08 14:54:48.650,0,0
55,1,7,1,MLD,สาขาวิชาชีพอุตสาหกรรมการผลิตแม่พิมพ์,Mold Manufacturing Industry,1,MPT,สาขางานแม่พิมพ์พลาสติก,Plastic Molding,1,232.0,อาชีพช่างปรับประกอบแม่พิมพ์ฉีดพลาสติก ,Plastic Injection Mold Assembly Technician,1,05,ชั้น 5,Level 5,1,มาตรฐานอาชีพ,INDUSTRIAL,อุตสาหกรรม,2022-07-08 14:54:51.103,2022-07-08 14:54:51.103,0,0
56,1,7,1,MLD,สาขาวิชาชีพอุตสาหกรรมการผลิตแม่พิมพ์,Mold Manufacturing Industry,1,MPT,สาขางานแม่พิมพ์พลาสติก,Plastic Molding,1,233.0,อาชีพช่างผลิตชิ้นส่วน อุปกรณ์แม่พิมพ์ฉีดพลาสติก ,Plastic Injection Mold Part Manufacturer,0,02,ชั้น 2,Level 2,1,มาตรฐานอาชีพ,INDUSTRIAL,อุตสาหกรรม,2022-07-08 14:54:54.710,2022-07-08 14:54:54.710,0,0
57,1,7,1,MLD,สาขาวิชาชีพอุตสาหกรรมการผลิตแม่พิมพ์,Mold Manufacturing Industry,1,MPT,สาขางานแม่พิมพ์พลาสติก,Plastic Molding,1,233.0,อาชีพช่างผลิตชิ้นส่วน อุปกรณ์แม่พิมพ์ฉีดพลาสติก ,Plastic Injection Mold Part Manufacturer,0,03,ชั้น 3,Level 3,1,มาตรฐานอาชีพ,INDUSTRIAL,อุตสาหกรรม,2022-07-08 14:54:59.807,2022-07-08 14:54:59.807,0,0
58,1,7,1,MLD,สาขาวิชาชีพอุตสาหกรรมการผลิตแม่พิมพ์,Mold Manufacturing Industry,1,MPT,สาขางานแม่พิมพ์พลาสติก,Plastic Molding,1,233.0,อาชีพช่างผลิตชิ้นส่วน อุปกรณ์แม่พิมพ์ฉีดพลาสติก ,Plastic Injection Mold Part Manufacturer,0,04,ชั้น 4,Level 4,1,มาตรฐานอาชีพ,INDUSTRIAL,อุตสาหกรรม,2022-07-08 14:55:04.207,2022-07-08 14:55:04.207,0,0
59,1,7,1,MLD,สาขาวิชาชีพอุตสาหกรรมการผลิตแม่พิมพ์,Mold Manufacturing Industry,1,MPT,สาขางานแม่พิมพ์พลาสติก,Plastic Molding,1,233.0,อาชีพช่างผลิตชิ้นส่วน อุปกรณ์แม่พิมพ์ฉีดพลาสติก ,Plastic Injection Mold Part Manufacturer,0,05,ชั้น 5,Level 5,1,มาตรฐานอาชีพ,INDUSTRIAL,อุตสาหกรรม,2022-07-08 14:55:07.243,2022-07-08 14:55:07.243,0,0
60,1,7,1,MLD,สาขาวิชาชีพอุตสาหกรรมการผลิตแม่พิมพ์,Mold Manufacturing Industry,1,MPT,สาขางานแม่พิมพ์พลาสติก,Plastic Molding,1,234.0,อาชีพช่างออกแบบแม่พิมพ์ฉีดพลาสติก ,Plastic Injection Mold Designer,1,02,ชั้น 2,Level 2,1,มาตรฐานอาชีพ,INDUSTRIAL,อุตสาหกรรม,2022-07-08 14:55:09.853,2022-07-08 14:55:09.853,0,0
61,1,7,1,MLD,สาขาวิชาชีพอุตสาหกรรมการผลิตแม่พิมพ์,Mold Manufacturing Industry,1,MPT,สาขางานแม่พิมพ์พลาสติก,Plastic Molding,1,234.0,อาชีพช่างออกแบบแม่พิมพ์ฉีดพลาสติก ,Plastic Injection Mold Designer,1,03,ชั้น 3,Level 3,1,มาตรฐานอาชีพ,INDUSTRIAL,อุตสาหกรรม,2022-07-08 14:55:12.027,2022-07-08 14:55:12.027,0,0
62,1,7,1,MLD,สาขาวิชาชีพอุตสาหกรรมการผลิตแม่พิมพ์,Mold Manufacturing Industry,1,MPT,สาขางานแม่พิมพ์พลาสติก,Plastic Molding,1,234.0,อาชีพช่างออกแบบแม่พิมพ์ฉีดพลาสติก ,Plastic Injection Mold Designer,1,04,ชั้น 4,Level 4,1,มาตรฐานอาชีพ,INDUSTRIAL,อุตสาหกรรม,2022-07-08 14:55:14.257,2022-07-08 14:55:14.257,0,0
63,1,7,1,MLD,สาขาวิชาชีพอุตสาหกรรมการผลิตแม่พิมพ์,Mold Manufacturing Industry,1,MPT,สาขางานแม่พิมพ์พลาสติก,Plastic Molding,1,234.0,อาชีพช่างออกแบบแม่พิมพ์ฉีดพลาสติก ,Plastic Injection Mold Designer,1,05,ชั้น 5,Level 5,1,มาตรฐานอาชีพ,INDUSTRIAL,อุตสาหกรรม,2022-07-08 14:55:16.573,2022-07-08 14:55:16.573,0,0
64,1,7,0,MLD,สาขาวิชาชีพอุตสาหกรรมการผลิตแม่พิมพ์,Mold Manufacturing Industry,1,DMT,สาขางานแม่พิมพ์โลหะ,Metal Molding,1,218.0,อาชีพช่างซ่อมบำรุงรักษาแม่พิมพ์ปั๊มโลหะ ,Metal Stamping Mold Maintenance Technician,1,02,ชั้น 2,Level 2,1,มาตรฐานอาชีพ,INDUSTRIAL,อุตสาหกรรม,2022-07-08 14:55:19.083,2022-07-08 14:55:19.083,0,0
65,1,7,0,MLD,สาขาวิชาชีพอุตสาหกรรมการผลิตแม่พิมพ์,Mold Manufacturing Industry,1,DMT,สาขางานแม่พิมพ์โลหะ,Metal Molding,1,218.0,อาชีพช่างซ่อมบำรุงรักษาแม่พิมพ์ปั๊มโลหะ ,Metal Stamping Mold Maintenance Technician,1,03,ชั้น 3,Level 3,1,มาตรฐานอาชีพ,INDUSTRIAL,อุตสาหกรรม,2022-07-08 14:55:21.317,2022-07-08 14:55:21.317,0,0
66,1,7,0,MLD,สาขาวิชาชีพอุตสาหกรรมการผลิตแม่พิมพ์,Mold Manufacturing Industry,1,DMT,สาขางานแม่พิมพ์โลหะ,Metal Molding,1,218.0,อาชีพช่างซ่อมบำรุงรักษาแม่พิมพ์ปั๊มโลหะ ,Metal Stamping Mold Maintenance Technician,1,04,ชั้น 4,Level 4,1,มาตรฐานอาชีพ,INDUSTRIAL,อุตสาหกรรม,2022-07-08 14:55:22.790,2022-07-08 14:55:22.790,0,0
67,1,7,0,MLD,สาขาวิชาชีพอุตสาหกรรมการผลิตแม่พิมพ์,Mold Manufacturing Industry,1,DMT,สาขางานแม่พิมพ์โลหะ,Metal Molding,1,219.0,อาชีพช่างตกแต่งผิวแม่พิมพ์ ,Mold Surface Decoration Technician,0,02,ชั้น 2,Level 2,1,มาตรฐานอาชีพ,INDUSTRIAL,อุตสาหกรรม,2022-07-08 14:55:24.630,2022-07-08 14:55:24.630,0,0
68,1,7,0,MLD,สาขาวิชาชีพอุตสาหกรรมการผลิตแม่พิมพ์,Mold Manufacturing Industry,1,DMT,สาขางานแม่พิมพ์โลหะ,Metal Molding,1,219.0,อาชีพช่างตกแต่งผิวแม่พิมพ์ ,Mold Surface Decoration Technician,0,03,ชั้น 3,Level 3,1,มาตรฐานอาชีพ,INDUSTRIAL,อุตสาหกรรม,2022-07-08 14:55:26.753,2022-07-08 14:55:26.753,0,0
69,1,7,0,MLD,สาขาวิชาชีพอุตสาหกรรมการผลิตแม่พิมพ์,Mold Manufacturing Industry,1,DMT,สาขางานแม่พิมพ์โลหะ,Metal Molding,1,221.0,อาชีพช่างปรับประกอบแม่พิมพ์ปั๊มโลหะ ,Metal Stamping Mold Assembly Technician,1,03,ชั้น 3,Level 3,1,มาตรฐานอาชีพ,INDUSTRIAL,อุตสาหกรรม,2022-07-08 14:55:28.693,2022-07-08 14:55:28.693,0,0
70,1,7,0,MLD,สาขาวิชาชีพอุตสาหกรรมการผลิตแม่พิมพ์,Mold Manufacturing Industry,1,DMT,สาขางานแม่พิมพ์โลหะ,Metal Molding,1,221.0,อาชีพช่างปรับประกอบแม่พิมพ์ปั๊มโลหะ ,Metal Stamping Mold Assembly Technician,1,04,ชั้น 4,Level 4,1,มาตรฐานอาชีพ,INDUSTRIAL,อุตสาหกรรม,2022-07-08 14:55:31.273,2022-07-08 14:55:31.273,0,0
71,1,7,0,MLD,สาขาวิชาชีพอุตสาหกรรมการผลิตแม่พิมพ์,Mold Manufacturing Industry,1,DMT,สาขางานแม่พิมพ์โลหะ,Metal Molding,1,221.0,อาชีพช่างปรับประกอบแม่พิมพ์ปั๊มโลหะ ,Metal Stamping Mold Assembly Technician,1,05,ชั้น 5,Level 5,1,มาตรฐานอาชีพ,INDUSTRIAL,อุตสาหกรรม,2022-07-08 14:55:34.030,2022-07-08 14:55:34.030,0,0
72,1,7,1,MLD,สาขาวิชาชีพอุตสาหกรรมการผลิตแม่พิมพ์,Mold Manufacturing Industry,1,DMT,สาขางานแม่พิมพ์โลหะ,Metal Molding,1,222.0,อาชีพช่างผลิตชิ้นส่วนอุปกรณ์แม่พิมพ์ปั๊มโลหะ,Metal Stamping Mold Part Manufacturer,0,02,ชั้น 2,Level 2,1,มาตรฐานอาชีพ,INDUSTRIAL,อุตสาหกรรม,2022-07-08 14:55:38.210,2022-07-08 14:55:38.210,0,0
73,1,7,1,MLD,สาขาวิชาชีพอุตสาหกรรมการผลิตแม่พิมพ์,Mold Manufacturing Industry,1,DMT,สาขางานแม่พิมพ์โลหะ,Metal Molding,1,222.0,อาชีพช่างผลิตชิ้นส่วนอุปกรณ์แม่พิมพ์ปั๊มโลหะ,Metal Stamping Mold Part Manufacturer,0,03,ชั้น 3,Level 3,1,มาตรฐานอาชีพ,INDUSTRIAL,อุตสาหกรรม,2022-07-08 14:55:43.253,2022-07-08 14:55:43.253,0,0
74,1,7,1,MLD,สาขาวิชาชีพอุตสาหกรรมการผลิตแม่พิมพ์,Mold Manufacturing Industry,1,DMT,สาขางานแม่พิมพ์โลหะ,Metal Molding,1,222.0,อาชีพช่างผลิตชิ้นส่วนอุปกรณ์แม่พิมพ์ปั๊มโลหะ,Metal Stamping Mold Part Manufacturer,0,04,ชั้น 4,Level 4,1,มาตรฐานอาชีพ,INDUSTRIAL,อุตสาหกรรม,2022-07-08 14:55:47.223,2022-07-08 14:55:47.223,0,0
75,1,7,1,MLD,สาขาวิชาชีพอุตสาหกรรมการผลิตแม่พิมพ์,Mold Manufacturing Industry,1,DMT,สาขางานแม่พิมพ์โลหะ,Metal Molding,1,222.0,อาชีพช่างผลิตชิ้นส่วนอุปกรณ์แม่พิมพ์ปั๊มโลหะ,Metal Stamping Mold Part Manufacturer,0,05,ชั้น 5,Level 5,1,มาตรฐานอาชีพ,INDUSTRIAL,อุตสาหกรรม,2022-07-08 14:55:49.860,2022-07-08 14:55:49.860,0,0
76,1,7,1,MLD,สาขาวิชาชีพอุตสาหกรรมการผลิตแม่พิมพ์,Mold Manufacturing Industry,1,DMT,สาขางานแม่พิมพ์โลหะ,Metal Molding,1,225.0,อาชีพช่างออกแบบแม่พิมพ์ปั๊มโลหะ ,Metal Stamping Mold Designer,1,02,ชั้น 2,Level 2,1,มาตรฐานอาชีพ,INDUSTRIAL,อุตสาหกรรม,2022-07-08 14:55:52.403,2022-07-08 14:55:52.403,0,0
77,1,7,1,MLD,สาขาวิชาชีพอุตสาหกรรมการผลิตแม่พิมพ์,Mold Manufacturing Industry,1,DMT,สาขางานแม่พิมพ์โลหะ,Metal Molding,1,225.0,อาชีพช่างออกแบบแม่พิมพ์ปั๊มโลหะ ,Metal Stamping Mold Designer,1,03,ชั้น 3,Level 3,1,มาตรฐานอาชีพ,INDUSTRIAL,อุตสาหกรรม,2022-07-08 14:55:54.510,2022-07-08 14:55:54.510,0,0
78,1,7,1,MLD,สาขาวิชาชีพอุตสาหกรรมการผลิตแม่พิมพ์,Mold Manufacturing Industry,1,DMT,สาขางานแม่พิมพ์โลหะ,Metal Molding,1,225.0,อาชีพช่างออกแบบแม่พิมพ์ปั๊มโลหะ ,Metal Stamping Mold Designer,1,04,ชั้น 4,Level 4,1,มาตรฐานอาชีพ,INDUSTRIAL,อุตสาหกรรม,2022-07-08 14:55:57.017,2022-07-08 14:55:57.017,0,0
79,1,7,1,MLD,สาขาวิชาชีพอุตสาหกรรมการผลิตแม่พิมพ์,Mold Manufacturing Industry,1,DMT,สาขางานแม่พิมพ์โลหะ,Metal Molding,1,225.0,อาชีพช่างออกแบบแม่พิมพ์ปั๊มโลหะ ,Metal Stamping Mold Designer,1,05,ชั้น 5,Level 5,1,มาตรฐานอาชีพ,INDUSTRIAL,อุตสาหกรรม,2022-07-08 14:55:59.367,2022-07-08 14:55:59.367,0,0
80,1,7,0,PHO,สาขาวิชาชีพธุรกิจภาพถ่าย,Photo Business,1,PGL,สาขาถ่ายภาพ,None,1,687.0,อาชีพช่างภาพบุคคล,None,1,04,ชั้น 4,Level 4,1,มาตรฐานอาชีพ,SERVICE,บริการ,2022-07-08 14:56:01.643,2022-07-08 14:56:01.643,0,0
81,1,7,0,PHO,สาขาวิชาชีพธุรกิจภาพถ่าย,Photo Business,1,PGL,สาขาถ่ายภาพ,None,1,687.0,อาชีพช่างภาพบุคคล,None,1,05,ชั้น 5,Level 5,1,มาตรฐานอาชีพ,SERVICE,บริการ,2022-07-08 14:56:04.260,2022-07-08 14:56:04.260,0,0
82,1,7,0,PHO,สาขาวิชาชีพธุรกิจภาพถ่าย,Photo Business,1,PGL,สาขาถ่ายภาพ,None,1,690.0,อาชีพช่างภาพสื่อมวลชน,None,1,04,ชั้น 4,Level 4,1,มาตรฐานอาชีพ,SERVICE,บริการ,2022-07-08 14:56:06.803,2022-07-08 14:56:06.803,0,0
83,1,7,0,PHO,สาขาวิชาชีพธุรกิจภาพถ่าย,Photo Business,1,PGL,สาขาถ่ายภาพ,None,1,690.0,อาชีพช่างภาพสื่อมวลชน,None,1,05,ชั้น 5,Level 5,1,มาตรฐานอาชีพ,SERVICE,บริการ,2022-07-08 14:56:08.790,2022-07-08 14:56:08.790,0,0
84,1,7,0,PHO,สาขาวิชาชีพธุรกิจภาพถ่าย,Photo Business,1,PGL,สาขาถ่ายภาพ,None,1,691.0,อาชีพช่างภาพแต่งงาน,None,1,04,ชั้น 4,Level 4,1,มาตรฐานอาชีพ,SERVICE,บริการ,2022-07-08 14:56:11.730,2022-07-08 14:56:11.730,0,0
85,1,7,0,PHO,สาขาวิชาชีพธุรกิจภาพถ่าย,Photo Business,1,PGL,สาขาถ่ายภาพ,None,1,692.0,อาชีพช่างภาพแฟชั่น,None,1,04,ชั้น 4,Level 4,1,มาตรฐานอาชีพ,SERVICE,บริการ,2022-07-08 14:56:13.290,2022-07-08 14:56:13.290,0,0
86,1,7,0,PHO,สาขาวิชาชีพธุรกิจภาพถ่าย,Photo Business,1,PGL,สาขาถ่ายภาพ,None,1,686.0,อาชีพช่างภาพทั่วไป,Photographer,1,03,ชั้น 3,Level 3,1,มาตรฐานอาชีพ,SERVICE,บริการ,2022-07-08 14:56:14.850,2022-07-08 14:56:14.850,0,0
87,1,7,0,PHO,สาขาวิชาชีพธุรกิจภาพถ่าย,Photo Business,1,PGL,สาขาถ่ายภาพ,None,1,686.0,อาชีพช่างภาพทั่วไป,Photographer,1,04,ชั้น 4,Level 4,1,มาตรฐานอาชีพ,SERVICE,บริการ,2022-07-08 14:56:16.840,2022-07-08 14:56:16.840,0,0
88,1,7,0,PHO,สาขาวิชาชีพธุรกิจภาพถ่าย,Photo Business,1,PGL,สาขาผลิตภาพ,Photo Production,1,1204.0,อาชีพช่างควบคุมคุณภาพงานอัดภาพระบบดิจิตอล,None,0,04,ชั้น 4,Level 4,1,มาตรฐานอาชีพ,SERVICE,บริการ,2022-07-08 14:56:19.107,2022-07-08 14:56:19.107,0,0
89,1,7,0,PHO,สาขาวิชาชีพธุรกิจภาพถ่าย,Photo Business,1,PGL,สาขาผลิตภาพ,Photo Production,1,1205.0,อาชีพช่างปรับแต่งภาพ,None,0,02,ชั้น 2,Level 2,1,มาตรฐานอาชีพ,SERVICE,บริการ,2022-07-08 14:56:21.280,2022-07-08 14:56:21.280,0,0
90,1,7,0,PHO,สาขาวิชาชีพธุรกิจภาพถ่าย,Photo Business,1,PGL,สาขาผลิตภาพ,Photo Production,1,1205.0,อาชีพช่างปรับแต่งภาพ,None,0,03,ชั้น 3,Level 3,1,มาตรฐานอาชีพ,SERVICE,บริการ,2022-07-08 14:56:23.050,2022-07-08 14:56:23.050,0,0
91,1,7,0,PHO,สาขาวิชาชีพธุรกิจภาพถ่าย,Photo Business,1,PGL,สาขาผลิตภาพ,Photo Production,1,1003.0,อาชีพช่างผลิตภาพระบบดิจิตอล,None,0,02,ชั้น 2,Level 2,1,มาตรฐานอาชีพ,SERVICE,บริการ,2022-07-08 14:56:24.687,2022-07-08 14:56:24.687,0,0
92,1,7,0,PHO,สาขาวิชาชีพธุรกิจภาพถ่าย,Photo Business,1,PGL,สาขาผลิตภาพ,Photo Production,1,1206.0,อาชีพนักออกแบบกราฟิก,None,0,03,ชั้น 3,Level 3,1,มาตรฐานอาชีพ,SERVICE,บริการ,2022-07-08 14:56:26.807,2022-07-08 14:56:26.807,0,0
93,1,7,0,PHO,สาขาวิชาชีพธุรกิจภาพถ่าย,Photo Business,1,PGL,สาขาผลิตภาพ,Photo Production,1,1206.0,อาชีพนักออกแบบกราฟิก,None,0,04,ชั้น 4,Level 4,1,มาตรฐานอาชีพ,SERVICE,บริการ,2022-07-08 14:56:28.540,2022-07-08 14:56:28.540,0,0
94,1,7,1,LOG,สาขาวิชาชีพโลจิสติกส์,Logistics,1,TRN,สาขางานจัดการขนส่ง,Transportation Management,0,771.0,อาชีพผู้ปฏิบัติการขนส่งสินค้าทางถนน ,Road Transportation Operator,0,01,ชั้น 1,Level 1,1,มาตรฐานอาชีพ,SERVICE,บริการ,2022-07-08 14:56:30.200,2022-07-08 14:56:30.200,0,0
95,1,7,1,LOG,สาขาวิชาชีพโลจิสติกส์,Logistics,1,TRM,สาขาจัดการขนส่ง,Transportation Management,1,1907.0,อาชีพผู้ปฏิบัติการขนส่งสินค้าทางท่อ,None,0,01,ชั้น 1,Level 1,1,มาตรฐานอาชีพ,SERVICE,บริการ,2022-07-08 14:56:32.347,2022-07-08 14:56:32.347,0,0
96,1,7,1,LOG,สาขาวิชาชีพโลจิสติกส์,Logistics,1,TRM,สาขาจัดการขนส่ง,Transportation Management,1,1905.0,อาชีพผู้ปฏิบัติการขนส่งสินค้าทางน้ำ,None,0,01,ชั้น 1,Level 1,1,มาตรฐานอาชีพ,SERVICE,บริการ,2022-07-08 14:56:34.300,2022-07-08 14:56:34.300,0,0
97,1,7,1,LOG,สาขาวิชาชีพโลจิสติกส์,Logistics,1,TRM,สาขาจัดการขนส่ง,Transportation Management,1,1901.0,อาชีพผู้ปฏิบัติการขนส่งสินค้าทางราง,None,0,01,ชั้น 1,Level 1,1,มาตรฐานอาชีพ,SERVICE,บริการ,2022-07-08 14:56:36.263,2022-07-08 14:56:36.263,0,0
98,1,7,1,LOG,สาขาวิชาชีพโลจิสติกส์,Logistics,1,TRM,สาขาจัดการขนส่ง,Transportation Management,1,1903.0,อาชีพผู้ปฏิบัติการขนส่งสินค้าทางอากาศ,None,0,01,ชั้น 1,Level 1,1,มาตรฐานอาชีพ,SERVICE,บริการ,2022-07-08 14:56:38.380,2022-07-08 14:56:38.380,0,0
99,1,7,1,LOG,สาขาวิชาชีพโลจิสติกส์,Logistics,1,TRM,สาขาจัดการขนส่ง,Transportation Management,1,1907.0,อาชีพผู้ปฏิบัติการขนส่งสินค้าทางท่อ,None,0,02,ชั้น 2,Level 2,1,มาตรฐานอาชีพ,SERVICE,บริการ,2022-07-08 14:56:40.610,2022-07-08 14:56:40.610,0,0
100,1,7,1,LOG,สาขาวิชาชีพโลจิสติกส์,Logistics,1,TRN,สาขางานจัดการขนส่ง,Transportation Management,0,771.0,อาชีพผู้ปฏิบัติการขนส่งสินค้าทางถนน ,Road Transportation Operator,0,02,ชั้น 2,Level 2,1,มาตรฐานอาชีพ,SERVICE,บริการ,2022-07-08 14:56:43.273,2022-07-08 14:56:43.273,0,0
