occupation_code,major_code,submajor_code,group_code,unit_code,occupation_name,occupation_name_eng,description,status,update_date,create_date,username,type_import
1110.20,1,11,111,1110,สมาชิกสภาผู้แทนราษฎร ,Member of Parliament, เป็นผู้แทนปวงชนชาวไทยในการใช้อำนาจนิติบัญญัติ จัดทำ แก้ไข เปลี่ยนแปลง ยกเลิก พระราชบัญญัติ และแก้ไขเพิ่มเติมรัฐธรรมนูญ ให้คำแนะนำและยินยอมในการตราพระราชบัญญัติเพื่อใช้บังคับเป็นกฎหมาย ควบคุมการบริหารราชการแผ่นดินของฝ่ายบริหารให้ดำเนินการตามบทบัญญัติแห่งรัฐธรรมนูญ และทำหน้าที่อื่นตามที่บัญญัติไว้ในกฎหมาย,1,NaT,NaT,None,None
1110.25,1,11,111,1110,สมาชิกวุฒิสภา ,Senator, เป็นผู้แทนปวงชนชาวไทยในการใช้อำนาจนิติบัญญัติ กลั่นกรองกฎหมายโดยพิจารณาให้ความเห็นชอบ หรือแก้ไขเพิ่มเติมร่างพระราชบัญญัติ ที่สมาชิกสภาผู้แทนราษฎรเสนอต่อวุฒิสภา พิจารณาเลือก แต่งตั้ง ถอดถอน ให้คำแนะนำ หรือให้ความเห็นชอบให้บุคคลดำรงตำแหน่งตาม รัฐธรรมนูญ ควบคุมการบริหารราชการแผ่นดินและทำหน้าที่อื่นตามที่บัญญัติไว้ในกฎหมาย,1,NaT,NaT,None,None
1110.30,1,11,111,1110,รัฐมนตรี ,Ministers, บริหารราชการแผ่นดินให้เป็นไปตามบทบัญญัติแห่งรัฐธรรมนูญ กฎหมาย และนโยบายของรัฐบาลที่ได้แถลงไว้ต่อรัฐสภา รวมทั้งเสนอแนะเพื่อการตราพระราชกำหนดและพระราชกฤษฎีกา การออกกฎกระทรวง ประกาศกระทรวงและระเบียบต่างๆ กำหนดนโยบายของกระทรวง ทบวง ให้ สอดคล้องกับนโยบายของรัฐบาล ปกครอง บังคับบัญชาข้าราชการ พนักงานและเจ้าหน้าที่อื่นในกระทรวงที่รับผิดชอบ ,1,NaT,NaT,None,None
1110.40,1,11,111,1110,สมาชิกสภาท้องถิ่น ,"Elected member , local", เป็นผู้แทนดูแลผลประโยชน์และส่วนได้เสียของผู้เลือกตั้งในสภาท้องถิ่น ให้คำแนะนำและยินยอมในการออกกฎ ระเบียบ ข้อบังคับ เพื่อใช้ประกอบการบริหารงานปกครองท้องถิ่น ควบคุมการบริหารราชการส่วนท้องถิ่น และทำหน้าที่อื่นๆ ตามบทบัญญัติแห่งกฎหมายว่าด้วยการปกครองท้องถิ่น อาจใช้ชื่อว่าสมาชิกสภาเทศบาล สมาชิกองค์การบริหารส่วนตำบล สมาชิกสภาองค์การบริหารส่วนจังหวัด สมาชิกสภากรุงเทพมหานคร สมาชิกสภาเมืองพัทยา สมาชิกสภาเขต,1,NaT,NaT,None,None
1110.45,1,11,111,1110,ผู้บริหารท้องถิ่น ,Local administeator, บริหารราชการส่วนท้องถิ่นให้เป็นไปตามบทบัญญัติแห่งรัฐธรรมนูญ กฎหมาย และนโยบายที่แถลงต่อสภาท้องถิ่น ปกครอง บังคับบัญชาพนักงานและลูกจ้างในองค์กรท้องถิ่น ดูแลและ คุ้มครองผลประโยชน์และส่วนได้เสียของท้องถิ่นและทำหน้าที่อื่นๆ ตามบทบัญญัติแห่งกฎหมายว่าด้วยการปกครอง ท้องถิ่น อาจใช้ชื่อว่า นายกเทศมนตรี นายกองค์การบริหารส่วนจังหวัด ประธานกรรมการองค์การบริหารส่วนตำบล ผู้ว่าราชการกรุงเทพมหานคร นายกเมืองพัทยา,1,NaT,NaT,None,None
1110.90,1,11,111,1110,ผู้บัญญัติกฎหมายอื่นๆ,, ผู้ปฏิบัติงานอาชีพในกลุ่มนี้ รวมถึงผู้บัญญัติกฎหมายซึ่งมิได้จัดประเภทไว้ในที่อื่น,1,NaT,NaT,None,None
1120.20,1,11,112,1120,ข้าราชการระดับบริหาร ,"Chief executive officer , government", บริหารงานในฐานะหัวหน้าส่วนราชการ รองหัวหน้าส่วนราชการระดับกระทรวง หรือระดับกรมหรือเทียบเท่า : กำหนดนโยบายและแผนปฏิบัติการในความรับผิดชอบให้สอดคล้องกับกฎหมาย นโยบายของรัฐบาลและแผนพัฒนาเศรษฐกิจและสังคมของประเทศ ให้คำปรึกษาและเสนอความเห็นต่อรัฐมนตรีเจ้าสังกัด คณะรัฐมนตรี หรือคณะกรรมการ ในปัญหาต่างๆ ที่เกี่ยวข้อง ควบคุม ดูแล บังคับบัญชาข้าราชการและลูกจ้างในส่วนราชการนั้นๆ และทำหน้าที่อื่นๆ ตามที่กฎหมายบัญญัติ,1,NaT,NaT,None,None
1120.30,1,11,112,1120,ผู้บริหารรัฐวิสาหกิจ ,"Chief executive officer , government enterprise", บริหารงานภายในองค์การตามนโยบายที่คณะกรรมการของหน่วยงานรัฐวิสาหกิจได้กำหนดไว้ ภายใต้ กฎ ระเบียบ ข้อบังคับ และการควบคุมของรัฐบาล : วางแผน กำหนดเป้าหมาย จัดระบบการบริหารงาน อำนวยการ และควบคุมการทำงาน รวมทั้งให้คำปรึกษาแนะนำการปฎิบัติงานแก่เจ้าหน้าที่ให้เป็นไปอย่างมีประสิทธิภาพ และบรรลุวัตถุประสงค์ของหน่วยงาน และทำหน้าที่อื่นๆ ตามที่กฎหมายบัญญัติ,1,NaT,NaT,None,None
1120.40,1,11,112,1120,ผู้บริหารองค์การมหาชน ,"Chief executive officer , public organization", บริหารกิจการขององค์การให้บรรลุวัตถุประสงค์ภายใต้กฎหมาย ระเบียบ ข้อบังคับหรือนโยบาย มติ และประกาศของคณะกรรมการองค์การมหาชน : วางแผนกำหนดเป้าหมาย จัดระบบงาน อำนวยการ สั่งการ มอบหมายงาน ควบคุมการทำงาน รวมถึงให้คำปรึกษาแนะนำการปฏิบัติงานแก่ เจ้าหน้าที่ให้เป็นไปอย่างมีประสิทธิภาพและบรรลุวัตถุประสงค์ของหน่วยงาน มีอำนาจในการบรรจุ แต่งตั้ง ลดโทษและบริหาร ค่าจ้าง ตามข้อบังคับที่คณะกรรมการกำหนด วางระเบียบการดำเนินงานขององค์การมหาชนโดยไม่ขัดหรือแย้งกับระเบียบและมติหรือประกาศที่คณะกรรมการกำหนด และทำหน้าที่อื่น ๆ ตามที่กฎหมายบัญญัติ,1,NaT,NaT,None,None
1120.90,1,11,112,1120,นักบริหารหน่วยงานของรัฐอื่นๆ,, ผู้ปฏิบัติงานอาชีพในกลุ่มนี้ รวมถึง นักบริหารของหน่วยงานรัฐบาล ซึ่งมิได้จัดประเภทไว้ในที่อื่น,1,NaT,NaT,None,None
1130.20,1,11,113,1130,ผู้นำตามประเพณี ,Traditional chief, ทำหน้าที่เป็นผู้นำหรือตัวแทนของชุมชนหรือหมู่บ้านในงานพิธีการต่าง ๆ ที่กำหนดไว้ตามประเพณีที่ปฏิบัติกันมาอย่างต่อเนื่อง ประกอบพิธีกรรมต่าง ๆ เพื่อความสุขความเจริญของชุมชน,1,NaT,NaT,None,None
1130.30,1,11,113,1130,กำนัน ,Chief of village, ปกครองบรรดาราษฎรที่อยู่ในเขตตำบล ดูแลทุกข์สุขป้องกันรักษาความสงบเรียบร้อยความเดือดร้อนของประชาชน ชุมชนในเขตพื้นที่รับผิดชอบ ร่วมมือกับทางราชการในการปราบปรามการกระทำผิดและระงับเหตุร้ายต่าง ๆ รายงานข้อมูลและรายละเอียดเกี่ยวกับความต้องการของประชาชน เหตุการณ์ต่าง ๆ ในชุมชนให้ทางราชการได้รับทราบ ชี้แจง ทำความเข้าใจกับประชาชนเกี่ยวกับข้อมูล ข่าวสารของทางราชการ จัดทำทะเบียนจำนวนประชากร ครอบครัว สัตว์พาหนะ และอื่นๆ ในพื้นที่ที่ รับผิดชอบ ส่งเสริมและสนับสนุนการประกอบอาชีพที่เป็นหลักแหล่งให้กับราษฎร รวมทั้งจัดระเบียบ หมู่บ้าน ตำบล ให้เรียบร้อยถูกสุขลักษณะเพื่อป้องกันโรคภัยไข้เจ็บ และปฏิบัติหน้าที่อื่น ๆ ตามที่กฎหมายบัญญัติ,1,NaT,NaT,None,None
1130.35,1,11,113,1130,สารวัตรกำนัน ,Assistant of chief of village,ช่วยกำนันดูแลทุกข์สุขและปัดเป่าความเดือดร้อนให้กับราษฎร ดูแลความสงบ เรียบร้อยภายในตำบลเพื่อป้องกันเหตุร้ายที่จะเกิดขึ้น และร่วมปรึกษาวางแผนกับกำนันในการบริหาร และพัฒนาท้องถิ่น และดำเนินการในเรื่องต่าง ๆ ตามที่กำนันมอบหมาย,1,NaT,NaT,None,None
1130.40,1,11,113,1130,ผู้ใหญ่บ้าน ,Head of village, ปฏิบัติงานหลักมูลฐานเช่นเดียวกันกับกำนัน แต่ปกครองบรรดาราษฎรที่อยู่ในเขต หมู่บ้าน และดำเนินการในเรื่องต่าง ๆ ตามที่กำนันมอบหมาย,1,NaT,NaT,None,None
1130.45,1,11,113,1130,ผู้ช่วยผู้ใหญ่บ้าน ,Assistant of head of village, ช่วยผู้ใหญ่บ้านปกครอง พัฒนาและรักษาความสงบเรียบร้อยภายในหมู่บ้าน ตรวจตราและสอดส่องเหตุการณ์ผิดปกติที่จะเกิดขึ้นภายในหมู่บ้านเพื่อหาทางป้องกัน ร่วมปรึกษาวางแผนกับ ผู้ใหญ่บ้านในการบริหารและพัฒนาท้องถิ่น และดำเนินการในเรื่องต่าง ๆ ตามที่ผู้ใหญ่บ้านมอบหมาย,1,NaT,NaT,None,None
1130.50,1,11,113,1130,แพทย์ประจำตำบล ,"Assistant of Chief of village , public health", ช่วยกำนันผู้ใหญ่บ้านในการจัดหมู่บ้าน ตำบล ให้มีความเป็นระเบียบเรียบร้อย ถูก สุขลักษณะเพื่อป้องกันโรคภัยไข้เจ็บ ดำเนินการในเรื่องต่าง ๆ เพื่อส่งเสริมและสนับสนุนให้ประชาชน มีสภาพแวดล้อมในการดำรงชีวิตที่มีคุณภาพ มีสุขภาพและพลานามัยที่สมบูรณ์แข็งแรง และดำเนินการอื่น ๆ ตามที่กำนัน ผู้ใหญ่บ้านมอบหมาย,1,NaT,NaT,None,None
1130.90,1,11,113,1130,ผู้นำท้องถิ่น/ชุมชนอื่น ๆ,, ผู้ปฏิบัติงานอาชีพในกลุ่มนี้ รวมถึงผู้นำท้องถิ่น/ชุมชนซึ่งมิได้จัดประเภทไว้ในที่อื่น ตัวอย่างเช่น คณะกรรมการตำบล คณะกรรมการหมู่บ้าน หรือบุคคลซึ่งประชาชนในท้องถิ่นให้ความเคารพศรัทธา เป็นต้น,1,NaT,NaT,None,None
1141.20,1,11,114,1141,กรรมการบริหารพรรค ,Administrative committee of political party, กำกับ ควบคุมดูแลและให้คำปรึกษา แก่ผู้บริหารพรรคให้บริหารงานตามนโยบายพรรค ควบคุม ดูแล และให้คำปรึกษาแก่รัฐมนตรี สมาชิกสภาผู้แทนราษฎร คณะผู้บริหารท้องถิ่นและสมาชิกสภาท้องถิ่น ประสานงานกับองค์กรต่าง ๆ ของพรรค ร่วมแก้ไขปัญหาการบริหารงานพรรค เผยแพร่ความรู้ทางการเมืองแก่สมาชิกและประชาชนทั่วไป แต่งตั้งและถอดถอนผู้บริหารพรรค และเรื่องอื่นๆ ที่กำหนดให้เป็นหน้าที่ของกรรมการบริหารพรรค,1,NaT,NaT,None,None
1141.30,1,11,114,1141,ผู้บริหารพรรค ,"Administrator , political party", บริหารงานตามนโยบายพรรค คัดเลือกบุคคลเข้าเป็นสมาชิกพรรค ออกระเบียบและ แนวทางการบริหารงานของพรรค กำหนดแผนการดำเนินการเกี่ยวกับการเลือกตั้งทุกระดับ รวมทั้งการคัดเลือกผู้ลงสมัครเลือกตั้งในนามของพรรค อนุมัติจัดตั้งและยุบเลิกสาขาพรรค ตลอดจนดำเนินการต่าง ๆ เพื่อให้สาขาพรรคบริหารงานไปตามข้อบังคับพรรคและการกำหนดแผนพัฒนาสาขาพรรค โดยความเห็นชอบของกรรมการบริหารพรรค ประสานงานกับสมาชิกพรรค กลุ่มการเมืองหรือกลุ่มต่างๆ ในความอุปถัมภ์ของพรรค อำนวยการและปฏิบัติงานอื่น ๆ ตามที่กรรมการบริหารพรรคมอบหมาย ,1,NaT,NaT,None,None
1141.40,1,11,114,1141,หัวหน้าพรรค ,"Leader , political party", รับผิดชอบการบริหารงานของพรรคตามนโยบาย กฎหมายและข้อบังคับพรรค เป็น ตัวแทนของพรรคในการดำเนินกิจการต่างๆ แต่งตั้งกรรมการหรือบุคคลให้ดำเนินการอย่างใดอย่างหนึ่งโดยความเห็นชอบของผู้บริหารพรรค ปฏิบัติงานอื่นๆตามที่กำหนดไว้ในกฎหมายประกอบรัฐธรรมนูญว่าด้วยพรรคการเมือง กฎหมายอื่นๆ หรือในข้อบังคับพรรค ,1,NaT,NaT,None,None
1141.50,1,11,114,1141,เลขาธิการพรรค ,"Secretary – general , political party", ควบคุมดูแลความสงบเรียบร้อยภายในพรรค ประสานงานกับสมาชิกพรรคและบุคคล ภายนอกเพื่อดำเนินกิจกรรมของพรรคให้บรรลุตามนโยบายของพรรค จัดประชุมใหญ่ ประชุมคณะกรรมการบริหารพรรค ประชุมคณะผู้บริหารพรรคและการประชุมอื่นๆ รวบรวมเอกสาร กลั่นกรองงาน และเสนอความเห็นประกอบการพิจารณาต่อคณะผู้บริหารพรรค ,1,NaT,NaT,None,None
1141.60,1,11,114,1141,เหรัญญิกพรรค ,"Treasurer , political party", ควบคุมการรับ–จ่ายเงิน การบัญชีและงบดุลของพรรคตามที่กฎหมายหรือตามที่คณะกรรมการบริหารพรรคกำหนด,1,NaT,NaT,None,None
1141.70,1,11,114,1141,โฆษกพรรค ,"Speaker , political party", ประชาสัมพันธ์กิจกรรมของพรรคให้สมาชิกพรรคและสาธารณชนทราบโดยทั่วกัน ตามที่กรรมการบริหารของพรรคกำหนด ,1,NaT,NaT,None,None
1141.90,1,11,114,1141,เจ้าหน้าที่บริหารขององค์กรพรรคการเมืองอื่นๆ,, ผู้ปฏิบัติงานอาชีพในกลุ่มนี้ รวมถึง เจ้าหน้าที่บริหารพรรคการเมืองซึ่งมิได้จัดประเภทไว้ในที่อื่น ตัวอย่างเช่น ที่ปรึกษาอาวุโสของพรรค กรรมการบริหารสาขาพรรค นายทะเบียนพรรคซึ่งทำหน้าที่ควบคุมการจดทะเบียนรายชื่อสมาชิกพรรคและสาขาพรรค และกรรมการพรรคอื่นๆ มีหน้าที่ตามที่กรรมการบริหารพรรคมอบหมาย,1,NaT,NaT,None,None
1142.20,1,11,114,1142,ผู้บริหารองค์กรนายจ้าง องค์กรลูกจ้างและองค์กรที่มีผลประโยชน์เชิงเศรษฐกิจอื่น ,"Senior official of employer , worker and other economic interest organization", กำหนดนโยบาย กฎ ระเบียบ และข้อบังคับขององค์กร บริหารและจัดการองค์กรให้เป็นไปตามวัตถุประสงค์ เป้าหมายและนโยบายขององค์กร รวมทั้งปฏิบัติงานอื่น ๆ ที่เกี่ยวข้อง อาจใช้ชื่อว่า นายก/ ประธานสมาคมนายจ้าง นายก/ประธานสหภาพแรงงาน นายก/ประธานองค์กรลูกจ้างแห่งประเทศไทย หรือองค์กรที่มีชื่อเรียกอย่างอื่นตามลักษณะกิจกรรม,1,NaT,NaT,None,None
1143.20,1,11,114,1143,ผู้บริหารองค์กรด้านมนุษยธรรมและองค์กรเฉพาะด้าน ,Senior official of humanitarian and other special – interest organization, กำหนดนโยบาย กฎ ระเบียบ และข้อบังคับขององค์กร บริหารและจัดการองค์กรให้เป็นไปตามวัตถุประสงค์ เป้าหมาย และนโยบายขององค์กร รวมทั้งปฏิบัติงานอื่นๆ ที่เกี่ยวข้อง อาจใช้ชื่อว่า นายกสมาคมผู้พิทักษ์สิ่งแวดล้อมและคุ้มครองสัตว์ป่า เลขาธิการกลุ่มพิทักษ์ผลประโยชน์ หรือองค์กรที่มีชื่อเรียกอย่างอื่นตามลักษณะกิจกรรม ,1,NaT,NaT,None,None
1144.20,1,11,114,1144,ผู้ตรวจการแผ่นดินของรัฐสภา ,Ombudsman, พิจารณาและสอบสวนหาข้อเท็จจริงตามคำร้องเรียนในเรื่องที่ข้าราชการ พนักงานของรัฐหรือลูกจ้างของหน่วยราชการ หน่วยงานของรัฐหรือรัฐวิสาหกิจหรือข้าราชการส่วนท้องถิ่น ไม่ปฏิบัติตามกฎหมายหรือปฏิบัตินอกเหนืออำนาจหน้าที่ หรือการปฏิบัติหรือละเลยไม่ปฏิบัติหน้าที่อันก่อให้เกิดความเสียหายแก่ผู้ร้องเรียนหรือประชาชนโดยไม่เป็นธรรม จัดทำรายงานเฉพาะเรื่อง หรือรายงาน ประจำปีพร้อมทั้งเสนอความเห็นและข้อเสนอแนะต่อรัฐสภา และกรณีอื่นตามที่กฎหมายบัญญัติ,1,NaT,NaT,None,None
1144.30,1,11,114,1144,กรรมการการเลือกตั้ง ,Electing committee, ควบคุมและดำเนินการจัดหรือจัดให้มีการเลือกตั้งสมาชิกสภาผู้แทนราษฎร สมาชิก วุฒิสภา สมาชิกสภาท้องถิ่น และผู้บริหารท้องถิ่น รวมทั้งการออกเสียงประชามติให้เป็นไปโดยสุจริตและเที่ยงธรรมและดำเนินการอื่นตามที่กฎหมายบัญญัติ ,1,NaT,NaT,None,None
1144.40,1,11,114,1144,กรรมการสิทธิมนุษยชน ,Human right committee, ตรวจสอบและรายงานการกระทำและละเลยการกระทำที่เป็นการละเมิดสิทธิมนุษยชน หรือไม่เป็นไปตามพันธกรณีระหว่างประเทศเกี่ยวกับสิทธิมนุษยชน และเสนอมาตรการการแก้ไขที่เหมาะสมต่อการกระทำดังกล่าว เสนอแนะนโยบายและเสนอเรื่องการปรับปรุงกฎหมาย กฎ หรือ ข้อบังคับต่อรัฐสภาและคณะรัฐมนตรีเพื่อส่งเสริมและคุ้มครองสิทธิมนุษยชน ส่งเสริมการศึกษา การวิจัยและการเผยแพร่ความรู้ด้านสิทธิมนุษยชน ส่งเสริมความร่วมมือและการประสานงานระหว่างหน่วยราชการ องค์การเอกชนและองค์การอื่นในด้านสิทธิมนุษยชน จัดทำรายงานประจำปีเพื่อประเมินสถานการณ์ด้านสิทธิมนุษยชนภายในประเทศและเสนอต่อรัฐสภา ดำเนินการอื่นตามกฎหมายบัญญัติโดยคำนึงถึงผลประโยชน์ส่วนรวมของชาติและประชาชน,1,NaT,NaT,None,None
1144.50,1,11,114,1144,กรรมการตรวจเงินแผ่นดิน ,Commission of Auditor, วางนโยบาย ให้คำปรึกษาแนะนำและเสนอแนะให้มีการแก้ไขข้อบกพร่องเกี่ยวกับการตรวจเงินแผ่นดิน กำหนดหลักเกณฑ์มาตรฐานเกี่ยวกับการตรวจเงินแผ่นดิน กำหนดหลักเกณฑ์และวิธีพิจารณาวินัยทางงบประมาณและการคลัง กำหนดโทษปรับทางปกครอง พิจารณาวินิจฉัยความผิดวินัยทางงบประมาณและการคลังในฐานะที่เป็นองค์กรสูงสุด และพิจารณาเลือกผู้ที่สมควรดำรงตำแหน่ง ผู้ว่าการตรวจเงินแผ่นดิน ,1,NaT,NaT,None,None
1144.60,1,11,114,1144,กรรมการป้องกันและปราบปรามการทุจริตแห่งชาติ ,Commission of Counter Corruption, ไต่สวนข้อเท็จจริงกรณีที่ผู้ดำรงตำแหน่งทางการเมืองหรือเจ้าหน้าที่ของรัฐว่าร่ำรวย ผิดปกติ ว่ากระทำความผิดต่อตำแหน่งหน้าที่หรือทุจริตต่อหน้าที่ราชการ และตรวจสอบความถูกต้อง และความมีอยู่จริง รวมทั้งความเปลี่ยนแปลงทรัพย์สินของผู้ดำรงตำแหน่งทางการเมือง และเจ้าหน้าที่ของรัฐพร้อมสรุปสำนวนและนำความเห็นเสนอต่อวุฒิสภาเพื่อพิจารณา และต่อศาลฎีกาแผนกคดีอาญาของผู้ดำรงตำแหน่งทางการเมือง รายงานผลการตรวจสอบและผลการปฏิบัติหน้าที่พร้อมข้อสังเกตต่อคณะรัฐมนตรี สภาผู้แทนราษฎร และวุฒิสภาทุกปี ซึ่งรายงานนี้จะนำออกพิมพ์เผยแพร่ต่อไปและ ดำเนินการอื่นตามที่กฎหมายบัญญัติ,1,NaT,NaT,None,None
1150.20,1,11,115,1150,เจ้าหน้าที่ของรัฐ ,"Executive official , government", ปฏิบัติงานให้เป็นไปตามวัตถุประสงค์ เป้าหมายของหน่วยงาน/องค์กรและนโยบายของรัฐบาลภายใต้กฎ ระเบียบ ข้อบังคับ และกฎหมาย อำนวยความสะดวกและให้บริการสาธารณะในลักษณะต่างๆ แก้ไขความเดือดร้อนในสังคม กำหนดกติกาของสังคม ส่งเสริมสนับสนุนภาคเอกชน วางแนวทางการพัฒนาประเทศ ปกป้องอธิปไตย ดูแลความเป็นธรรมในสังคม สนับสนุนการพัฒนาท้องถิ่นและงานอื่นๆ ตามที่กำหนดไว้ในกฎหมายว่าเป็นหน้าที่ของเจ้าหน้าที่ของรัฐ อาจใช้ชื่อว่าข้าราชการและลูกจ้างในส่วนราชการ พนักงานหรือลูกจ้างในรัฐวิสาหกิจ พนักงานส่วนท้องถิ่น เจ้าหน้าที่องค์กรอื่นๆ ของรัฐ,1,NaT,NaT,None,None
1210.20,1,12,121,1210,ประธานกรรมการ ,Chair person ; Chairman of the Board of Director, บริหารงานในฐานะผู้แทนของเจ้าของกิจการและผู้ถือหุ้น โดยมาจากการสรรหา ; ทำหน้าที่ประธานดำเนินการประชุมคณะกรรมการบริหารองค์การ ; กำหนดแนวทาง นโยบาย ยุทธศาสตร์ทางธุรกิจในภาพรวมขององค์การ ; วางแผน จัดระบบงาน และควบคุมการบริหารจัดการองค์การให้สอดคล้องกับสภาวะการณ์เปลี่ยนแปลงทางเศรษฐกิจ สังคมและการเมืองทั้งภายในประเทศและระหว่างประเทศ ; วางกฎ ระเบียบ และข้อบังคับการปฏิบัติงานขององค์การ ตลอดจนพิจารณาตัดสินใจและแก้ไขปัญหาเชิงกลยุทธ์,1,NaT,NaT,None,None
1210.30,1,12,121,1210,ผู้บริหารระดับสูงของหน่วยงานเอกชน,Chief Executive ; CEO ; President ; Managing Director, จัดรูปองค์การและรับผิดชอบการวางแผนการดำเนินงานขององค์การให้เป็นไปอย่างมีประสิทธิภาพ : กำหนดแผนงานเชิงกลยุทธ์ แผนงานทางธุรกิจ และระเบียบขั้นตอนการดำเนินงานขององค์การให้สอดคล้องกับนโยบาย มติ ระเบียบ ข้อบังคับหรือคำสั่งซึ่งคณะกรรมการบริหารได้กำหนดขึ้น ; วิเคราะห์การปฏิบัติงานเพื่อประเมินผลการดำเนินงานขององค์การและพนักงาน และ นำผลการวิเคราะห์มาพิจารณาตัดสินใจเกี่ยวกับการต้นทุนการดำเนินงานและการพัฒนาปรับปรุงแผนงาน ; ควบคุมและประสานงานทางธุรกิจกับฝ่ายต่าง ๆ ซึ่งเกี่ยวข้องกับงานด้านการเงิน งบประมาณ บัญชี การผลิต การจัดซื้อ การกำหนดราคา การโฆษณา การขายหรือการจำหน่ายสินค้าผลิตภัณฑ์ ; กำหนดขั้นตอนการควบคุมภายใน ; มีความสามารถในการจัดการงานหลาย ๆ ด้านผู้นำและสามารถทำงานภายใต้ภาวะกดดันได้ รวมทั้งให้คำปรึกษาแนะนำแก่พนักงานเพื่อให้การปฏิบัติงานบรรลุวัตถุประสงค์ขององค์การ,1,NaT,NaT,None,None
1210.50,1,12,121,1210,ผู้บริหารการศึกษา ,Academic administrator ; Dean, บริหารงานในฐานะหัวหน้าหรือผู้ช่วยหัวหน้าบริหารการศึกษานอกสถานศึกษาภายใต้กฎหมาย กฎ ระเบียบ และข้อบังคับ : กำหนดนโยบายด้านการจัดการและควบคุมมาตรฐานการศึกษา บริหารงานการเงินและงบประมาณ งานอาคารสถานที่ งานบุคคล งานวิชาการ งานนิเทศการศึกษา เป็นต้น รวมทั้งปฏิบัติหน้าที่การงานอื่นที่เกี่ยวข้อง,1,NaT,NaT,None,None
1210.60,1,12,121,1210,ผู้บริหารด้านเทคโนโลยีสารสนเทศระดับสูง ,Chief Information Officer – CIO, ควบคุม ประสานงาน สั่งการ ติดตาม ตรวจสอบ ประเมินผลและรับผิดชอบงานด้านเทคโนโลยีสารสนเทศขององค์การ ,1,NaT,NaT,None,None
1221.20,1,12,122,1221,ผู้จัดการฝ่ายการเพาะปลูก ,Agricultural Manager, อำนวยการและบริหารงานการผลิตด้านการเพาะปลูกพืชไร่นา และพืชสวน : วางแผน กำกับ ดูแล และประสานงานในกิจกรรมที่เกี่ยวข้องกับการใช้ที่ดินเพื่อการเพาะปลูกพืชชนิดต่างๆ เพื่อให้ได้ผลผลิตเพื่อการบริโภคและการจำหน่าย ; พิจารณาตัดสินใจแผนการดำเนินงานด้านการผลิต การเงิน การตลาด เครื่องมือ เครื่องทุนแรงต่างๆ ตลอดจนจำนวนบุคลากรเพื่อให้สอดคล้องกับนโยบายและเป้าหมายของหน่วยงาน ; ให้ข้อเสนอแนะในการเปลี่ยนแปลงการดำเนินงานแก่ผู้บริหารระดับสูงเพื่อให้แน่ใจว่าจำนวนการผลิตและขั้นตอนการผลิตเป็นไปตามเป้าหมาย ; จัดเตรียมรายงานผลการผลิต ; ประเมินผลประสิทธิภาพในการผลิตเพื่อพิจารณาถึงความพอเพียงด้านบุคลากร อุปกรณ์ เครื่องมือเครื่องใช้และเทคโนโลยี ; อาจเปลี่ยนแปลงการดำเนินการผลิตหรืออุปกรณ์ต่างๆ เมื่อจำเป็น,1,NaT,NaT,None,None
1221.30,1,12,122,1221,ผู้จัดการฝ่ายการเลี้ยงปศุสัตว์ ,Livestock Farm Manager, อำนวยการและบริหารงานการผลิตด้านการเลี้ยงสัตว์ : วางแผน กำกับ ดูแลและประสานงานในกิจกรรมที่เกี่ยวข้องกับการใช้ที่ดินเพื่อการเลี้ยงสัตว์ชนิดต่างๆ เช่น โคนม โคเนื้อ สุกร ไก่ เป็ด เพื่อให้ได้ผลผลิตเพื่อการบริโภคและการจำหน่าย ; พิจารณาตัดสินใจแผนการดำเนินงานด้านการผลิต การเงิน การตลาด เครื่องมือ เครื่องทุนแรงต่างๆ และจำนวนบุคลากรเพื่อให้สอดคล้องกับนโยบายและเป้าหมายของหน่วยงาน ; กำหนดวิธีการปฏิบัติตามหลักการด้านการจัดการฟาร์ม จัดการงานด้านสุขภาพสัตว์และสิ่งแวดล้อมให้เป็นไปตามเกณฑ์มาตรฐานขั้นพื้นฐานสำหรับฟาร์มสัตว์เลี้ยง ; จัดระบบการทำฟาร์มโดยคำนึงถึงจำนวนพื้นที่และจำนวนปศุสัตว์ ตลอดจนปรับปรุงระบบการผลิตให้มีปริมาณและคุณภาพ ที่สอดคล้องกับความต้องการของตลาด ,1,NaT,NaT,None,None
1221.40,1,12,122,1221,ผู้จัดการฝ่ายการป่าไม้ ,Forest Manager, อำนวยการและบริหารงานการผลิตด้านการทำป่าไม้ : วางแผน กำกับดูแล และประสานงานในกิจกรรมที่เกี่ยวข้องกับการใช้ที่ดินเพื่อการปลูกสร้างสวนป่าเพื่อการจำหน่าย ; พิจารณาตัดสินใจแผนการดำเนินงานด้านการผลิต การเงิน การตลาด เครื่องมือ เครื่องทุนแรงต่างๆ และจำนวนบุคลากรเพื่อให้สอดคล้องกับนโยบายและเป้าหมายของหน่วยงาน ; กำหนดท้องที่ที่จะทำการปลูกป่า และคัดเลือกพันธุ์ไม้โดยยึดหลักการเลือกชนิดไม้ที่เหมาะสมกับสภาพพื้นที่และสภาพแวดล้อม รวมทั้งต้องสนองความต้องการใช้สอยและเป็นชนิดที่ตลาดต้องการ ; ควบคุมดูแลการบำรุงรักษาสวนป่า การปลูกซ่อม การแผ้วถางวัชพืช และการทำแนวกันไฟ ตลอดจนดูแลป้องกันและปราบปรามโรคและแมลงทางป่าไม้โดยอาจใช้วิธีการทางวัฒนวิธี ; อาจควบคุมดำเนินการแปรรูปไม้อย่างง่าย ,1,NaT,NaT,None,None
1221.50,1,12,122,1221,ผู้จัดการฝ่ายการเพาะเลี้ยงสัตว์น้ำ ,Aquaculture Manager, อำนวยการและบริหารงานการผลิตด้านการเพาะเลี้ยงสัตว์น้ำและการจับสัตว์น้ำทุกชนิด ทั้งสัตว์น้ำจืดและสัตว์น้ำเค็ม หรือน้ำกร่อย และสัตว์น้ำที่เป็นจำพวกปลา จำพวกที่มีกระดอง และจำพวกที่มีเปลือกหุ้ม : วางแผน กำกับ ดูแล และประสานงานในกิจกรรมที่เกี่ยวข้องกับการเพาะเลี้ยงสัตว์น้ำชนิดต่างๆ เพื่อให้ได้ผลผลิตเพื่อการบริโภคและการจำหน่าย ; พิจารณาตัดสินใจแผนการดำเนินงานด้านการผลิต การเงิน การตลาด เครื่องมือ เครื่องทุนแรงต่างๆ และจำนวนบุคลากรเพื่อให้สอดคล้องกับนโยบายและเป้าหมายของหน่วยงาน ; ประเมินผลประสิทธิภาพในการผลิตเพื่อพิจารณาถึงความพอเพียงด้านบุคลากร อุปกรณ์ เครื่องมือเครื่องใช้ และเทคโนโลยี ; อาจเปลี่ยนแปลงการดำเนินการผลิตหรืออุปกรณ์ต่างๆ เมื่อจำเป็น,1,NaT,NaT,None,None
1222.20,1,12,122,1222,ผู้จัดการฝ่ายผลิตและปฏิบัติการด้านการผลิต (อุตสาหกรรมการผลิตต่าง ๆ เหมืองแร่ ไฟฟ้า ก๊าซ และประปา) ,Production and operations department managers in manufacturing, วางแผน กำกับดูแลและประสานงานในกิจกรรมที่เกี่ยวกับการผลิตสินค้าต่าง ๆ รวมทั้งอุตสาหกรรมเหมืองแร่ ไฟฟ้า ก๊าซ และประปา : บริหารงานการผลิต จัดทำแผนและกำกับดูแลกระบวนการดำเนินงาน พิจารณาตัดสินใจแผนการดำเนินงานด้านการผลิต การเงิน การตลาด เครื่องมือ เครื่องจักรต่างๆ ตลอดจนจำนวนบุคลากรเพื่อให้สอดคล้องกับนโยบายและเป้าหมายของหน่วยงาน ; ให้ข้อเสนอแนะในการเปลี่ยนแปลงการดำเนินงานแก่ผู้บริหารระดับสูงเพื่อให้แน่ใจว่าจำนวนการผลิตและขั้นตอนการผลิตเป็นไปตามเป้าหมาย ; จัดเตรียมรายงานผลการผลิต ; ประเมินผลประสิทธิภาพในการผลิตเพื่อพิจารณาถึงความพอเพียงด้านบุคลากร อุปกรณ์ เครื่องมือเครื่องใช้และเทคโนโลยี อาจเปลี่ยนแปลงการดำเนินการผลิตหรืออุปกรณ์ต่างๆ เมื่อจำเป็น,1,NaT,NaT,None,None
1223.20,1,12,122,1223,ผู้จัดการฝ่ายก่อสร้าง ,"Department manager , construction", วางแผน กำกับ ดูแลและประสานงานในกิจกรรมต่างๆ ที่เกี่ยวข้องกับงานก่อสร้าง รวมทั้งกิจกรรมด้านบริการที่เกี่ยวข้อง : วางแผน กำกับดูแลและประสานงาน ดำเนินการในกิจกรรมต่าง ๆ ที่เกี่ยวข้องกับงานก่อสร้าง : วางแผนงาน ประสานงานและควบคุมงานของฝ่ายก่อสร้างโดยผ่านวิศวกรหรือสถาปนิกผู้ควบคุมงาน ; ปรึกษาหารือกับผู้บริหารของบริษัทหรือองค์กรถึงการวางแผนการใช้วัสดุอุปกรณ์อย่างมีประสิทธิภาพและดำเนินการให้บรรลุตามแผนและประมาณการที่ตั้งไว้; ชี้แจงให้ผู้ควบคุมงานที่อยู่ใต้บังคับบัญชาทราบถึงนโยบายของบริษัทหรือองค์กรและสั่งให้ปฏิบัติ ประสานงานในการติดต่อกับหน่วยงานต่าง ๆ ของบริษัทหรือองค์กรภายนอก ,1,NaT,NaT,None,None
1224.20,1,12,122,1224,ผู้จัดการฝ่ายค้าส่ง ,"Department manager , wholesale trade", อำนวยการและจัดการงานค้าส่งในสถานประกอบการค้าส่ง : อำนวยการเกี่ยวกับการทำงาน การฝึกอบรม การสรรหาบุคลากร และการประเมินผลการปฏิบัติงานของพนักงานในหน่วยงานค้าส่ง เพื่อการพัฒนาและการควบคุมแผนงานค้าส่ง ; ประสานงานขายกับสถานประกอบการอื่นๆ เกี่ยวกับเขตการจำหน่าย โควตา และเป้าหมาย ; มอบหมายเขตการจำหน่ายให้แก่พนักงานขาย ; ประเมินค่าการขายสินค้าของผู้ขายปลีก รวมทั้งให้ความช่วยเหลือและคำแนะนำเกี่ยวกับการส่งเสริมการขายสินค้าให้ได้ให้ได้มากแก่ผู้ขายปลีก ; ตรวจสอบวิเคราะห์ตลาดเพื่อจะได้ทราบถึงความต้องการของลูกค้า ปริมาณสินค้าที่ตลาดต้องการ ราคาสินค้าและอัตราส่วนลด ตลอดจนอำนวยการแผนงานเพื่อให้ได้ผลดี ; วิเคราะห์และควบคุมรายจ่ายของหน่วยงาน ; วิเคราะห์สถิติการขายเพื่อช่วยให้ฝ่ายจัดการได้นำมาประกอบการวางนโยบาย,1,NaT,NaT,None,None
1224.30,1,12,122,1224,ผู้จัดการฝ่ายค้าปลีก ,"Department manager , retail trade", อำนวยการและจัดการงานค้าปลีกในสถานประกอบการค้าปลีก : บริหารงานบุคลากร ; วางแผนการปฏิบัติงานและควบคุมดูแลงานเพื่อให้ปฏิบัติงานอย่างมีประสิทธิภาพ ; ทำใบสั่งซื้อหรือ คำสั่งสั่งซื้อสินค้าเข้าไว้ในคลังสินค้า ; วางหรือช่วยวางนโยบายราคา; ประสานงานส่งเสริมการขายและอนุมัติเทคนิคของการโฆษณาและการแสดงสินค้า ; ควบคุมดูแลหรือรับและตรวจสอบสินค้าตามรายการ รับใบเสร็จรับเงิน รวบรวมและวิเคราะห์รายงานต่างๆ อาจมีชื่อเรียกตามประเภทของห้างร้านหรือสถานประกอบการที่เข้าดำเนินการ,1,NaT,NaT,None,None
1225.20,1,12,122,1225,ผู้อำนวยการ /ผู้จัดการฝ่ายห้องพัก ,Director of Room / Room Division Manager, ทำหน้าที่วางแผน กำกับดูแลการดำเนินงานส่วนหน้าและส่วนแม่บ้านของโรงแรมเพื่อการบริการห้องพัก ; ประชุมร่วมกับฝ่ายบริหารเพื่อจัดทำนโยบายเกี่ยวกับห้องพัก มาตรฐานการบริการและการอำนวยความสะดวกแก่ผู้เข้าพัก ; จัดทำงบประมาณและรายงาน ; ประสานงานกับฝ่ายงานอื่นที่เกี่ยวข้อง ,1,NaT,NaT,None,None
1225.30,1,12,122,1225,ผู้จัดการแผนกงานส่วนหน้า ,Front Office Manager, รับผิดชอบการจัดแบ่งงาน และการจัดรอบเวลาทำงานในแผนก ; ดูแลเรื่องระเบียบวินัย การแสดงกิริยาของพนักงานและรูปลักษณ์ที่ปรากฏ ; วางแผนระบบการรับจองและขั้นตอนดำเนินงานที่เกี่ยวกับการกำหนดจัดห้องให้ผู้พัก การต้อนรับแขกผู้พักขณะมาถึง และการนำทางแขกบุคคลสำคัญไปยังห้องพัก รวมทั้งตัดสินใจเกี่ยวกับการใช้อัตราราคาพิเศษ โดยได้รับอนุมัติจากฝ่ายบริหาร ; รับผิดชอบการสร้างความสัมพันธ์ที่ดีระหว่างแขกผู้พักและพนักงานโรงแรม ความปลอดภัย สุขอนามัยและมาตรฐานงานในแผนก ; วางแผนการบริหารรายรับจากการใช้ห้องพักอย่างมีประสิทธิภาพ โดยประสานงานกับฝ่ายการตลาดและอาจกำหนดนโยบายการรับจอง ; กำกับดูแลการปฏิบัติงานและให้คำแนะนำเกี่ยวกับการโต้ตอบ สื่อสาร การคัดเลือกรับบุคลากร การให้ออก การปรับเปลี่ยนหน้าที่ปฏิบัติงาน การเลื่อนตำแหน่ง และการจัดฝึกอบรม,1,NaT,NaT,None,None
1225.40,1,12,122,1225,หัวหน้าแผนกจัดการสัมภาระ ,Concierge / Head Porter, รับผิดชอบการจัดแบ่งงานและการจัดรอบเวลาทำงาน ; กำกับดูแลการปฏิบัติตามระเบียบวินัย มารยาทความประพฤติ และรูปลักษณ์ที่ปรากฏของพนักงาน ; ให้ข้อมูลแก่ฝ่ายบริหารเกี่ยวกับการผ่านเข้าออกของแขกและโอกาสที่จะสร้างสัมพันธภาพที่ดีขึ้นกับแขก ; ตรวจดูแลความเรียบร้อยบริเวณส่วนหน้าของโรงแรม ; ดูแลการให้บริการข่าวสารข้อมูลทั้งภายในและนอกโรงแรม ; กำกับดูแลการรับฝากและขนย้ายสัมภาระ ควบคุมการนำรถไปจอดและจัดหายานพาหนะ และติดต่อสำรองบัตรเข้าชมการแสดงหรือสถานที่ต่าง ๆ ; กำกับดูแลการจัดส่งของและข่าวสารไปยังห้องพักแขก รวมทั้งจัดบริการพิเศษตามความประสงค์ของแขกผู้พัก ; รับผิดชอบและให้คำแนะนำเกี่ยวกับการสรรหาและรับบุคลากร การหาบุคลากรทดแทน การเลื่อนตำแหน่ง และการจัดฝึกอบรม,1,NaT,NaT,None,None
1225.50,1,12,122,1225,ผู้จัดการงานแม่บ้าน / หัวหน้าแม่บ้าน ,Director of Housekeeper / Exceutive Housekeeper, (Director of Housekeeper / Exceutive Housekeeper),1,NaT,NaT,None,None
1225.60,1,12,122,1225,ผู้อำนวยการ / ผู้จัดการฝ่ายอาหารและเครื่องดื่ม ,Director / Food & Beverage Manager, ทำหน้าที่วางแผนงานกำกับดูแลและบริหารการดำเนินงานเกี่ยวกับการผลิตและบริการอาหารและเครื่องดื่มในโรงแรมทุกห้องอาหารและพื้นที่อื่นที่เกี่ยวข้อง รวมถึงงานจัดเลี้ยง : ประชุมหารือกับฝ่ายบริหารในเรื่องนโยบาย การวางแผนการตลาด วิธีปฏิบัติงาน งบประมาณ การจัดทำรายงาน ; กำกับดูแลขั้นตอนการสั่งซื้อ ตรวจรับ เก็บรักษา เบิกจ่าย เตรียมอาหารและบริการ ; กำหนดมาตรฐานคุณภาพของอาหารและเครื่องดื่ม อัตราราคา ; ให้คำแนะนำดูแลการคัดเลือกบุคลากร การจัดตารางเวลาทำงาน และการฝึกอบรมพนักงาน ; ควบคุมการปฏิบัติงานของผู้ใต้บังคับบัญชาให้ทำงานอย่างมีประสิทธิภาพ ; ดูแลการประสานงานกับฝ่ายงานอื่นที่เกี่ยวข้อง ,1,NaT,NaT,None,None
1225.70,1,12,122,1225,ผู้จัดการแผนกห้องอาหาร บาร์และจัดเลี้ยง ,"Restaurant , Bar , Banquet Manager", ทำหน้าที่วางแผนงาน บริหารการดำเนินงานและการบริการในแผนกห้องอาหารหรือภัตตาคารโรงแรม รวมถึงคลับ บาร์และงานจัดเลี้ยง ; วางระเบียบการบริหารงานบุคคลและวิธีปฏิบัติงาน มาตรฐานการให้บริการแก่ลูกค้า ; วางแผนการส่งเสริมการขาย ประสานงานกับส่วนงานอื่น ที่เกี่ยวข้องและควบคุมดูแลผู้ปฏิบัติงาน,1,NaT,NaT,None,None
1225.90,1,12,122,1225,ผู้จัดการด้านภัตตาคารและโรงแรมอื่นๆ,, ผู้ปฏิบัติงานอาชีพในกลุ่มนี้ รวมถึง ผู้จัดการด้านภัตตาคารและโรงแรม ซึ่งมิได้จัดประเภทไว้ในที่อื่น,1,NaT,NaT,None,None
1226.20,1,12,122,1226,ผู้จัดการฝ่ายการขนส่ง ,"Department manager , transportation", วางแผน กำกับ ดูแลและประสานงานในกิจการที่เกี่ยวข้องกับการขนส่งผู้โดยสารและพัสดุ : ควบคุมดูแลการดำเนินงานประจำวัน จัดทำรายงานเสนอผู้บริหาร ; ติดต่อประสานงานหรือเจรจาตกลงทางธุรกิจกับหน่วยงานอื่น ๆ ; แก้ไขปัญหาการดำเนินงาน บุคลากรหรือทรัพยากรอื่น ๆ เพื่อให้การดำเนินงานเป็นไปอย่างมีประสิทธิภาพ ปรับปรุงระบบการขนส่งให้มีคุณภาพเป็นที่พอใจของผู้ใช้บริการ,1,NaT,NaT,None,None
1226.30,1,12,122,1226,ผู้จัดการสถานี ; นายสถานีขนส่ง (ทางบก ทางอากาศ ทางน้ำ) ,Station manager, บริหารงานสถานีให้ดำเนินไปตามวัตถุประสงค์และนโยบายที่กำหนดให้ตามระเบียบและข้อกำหนดของสถานีขนส่งแต่ละประเภท : ควบคุมบังคับบัญชาเจ้าหน้าที่ผู้ปฏิบัติงาน ; ควบคุมงบประมาณรายจ่าย ออกข้อปฏิบัติภายในเพื่อเพิ่มประสิทธิภาพในการทำงาน ติดต่อประสานงานกับหน่วยงานที่เกี่ยวข้องทั้งภายในและภายนอกองค์กร ดูแลความสะอาดและความปลอดภัยบริเวณสถานี ให้บริการหรือให้การต้อนรับผู้โดยสารคนสำคัญ ; พัฒนาสถานีให้ดีขึ้นทั้งด้านบริการและสถานที่ อาจมีชื่อเรียกตามระบบขนส่งที่ควบคุมดูแล,1,NaT,NaT,None,None
1226.40,1,12,122,1226,ผู้จัดการฝ่ายบริการ (โทรคมนาคม ดาวเทียม อินเตอร์เน็ตและโทรศัพท์เคลื่อนที่) ,"Service manager , department", วางแผน กำกับ ดูแลและประสานงานในการให้บริการงานทางด้านโทรคมนาคม ดาวเทียม อินเตอร์เน็ต หรือโทรศัพท์เคลื่อนที่ : ควบคุมดูแลการดำเนินงานของเจ้าหน้าที่ในการปฏิบัติงานประจำวันให้เป็นไปตามระเบียบ และกฎข้อบังคับ ; การต้อนรับและให้บริการแก่ลูกค้าคนสำคัญ ; แก้ไขปัญหาการบริการที่เกิดขึ้น อบรมให้คำแนะนำแก่เจ้าหน้าที่ อาจมีชื่อเรียกตามประเภทกิจการที่ให้บริการ,1,NaT,NaT,None,None
1226.50,1,12,122,1226,ผู้จัดการไปรษณีย์ ; หัวหน้าที่ทำการไปรษณีย์ ; นายไปรษณีย์ ,Station master, ควบคุมดูแลและประสานงานการบริการไปรษณีย์: ควบคุมการปฏิบัติงานของเจ้าหน้าที่ ให้ดำเนินไปด้วยความเรียบร้อย สะดวกรวดเร็ว ; ตรวจสอบ ควบคุมดูแลและรับผิดชอบการเงินของที่ทำการไปรษณีย์ ที่อยู่ในความรับผิดชอบ ; บริหารงานบุคคล ทรัพย์สิน อาคารและสถานที่ของที่ทำการให้เรียบร้อยตามระเบียบและข้อบังคับ ; วางแผนและแก้ไขปัญหาการดำเนินงาน บุคลากรหรือทรัพยากรอื่น ๆ เพื่อให้การดำเนินงานเป็นไปอย่างมีประสิทธิภาพ ปรับปรุงระบบการบริการให้มี คุณภาพเป็นที่พอใจของผู้ใช้บริการ,1,NaT,NaT,None,None
1226.70,1,12,122,1226,"ผู้จัดการแผนกท่าเรือ , หัวหน้าแผนกท่าเรือ ","Department manager , port", รับผิดชอบการรับเรือและปล่อยเรือที่ท่า ตามหลักวิชาการเดินเรือ : กำหนดสถานที่ให้เรือเทียบท่าและสั่งปฏิบัติการจอดเรือหรือเคลื่อนย้ายเรือในกรณีฉุกเฉิน กำหนดสถานีที่ให้เรือผูกทุ่นและประสานงานกับหน่วยงานอื่นที่เกี่ยวข้อง,1,NaT,NaT,None,None
1226.90,1,12,122,1226,ผู้จัดการด้านการขนส่ง การสื่อสารและคมนาคมอื่นๆ,, ผู้ปฏิบัติงานอาชีพในกลุ่มนี้ รวมถึง ผู้จัดการด้านการขนส่ง การสื่อสารและคมนาคม ซึ่งมิได้จัดประเภทไว้ในที่อื่น,1,NaT,NaT,None,None
1227.20,1,12,122,1227,ผู้จัดการด้านบริการธุรกิจ ,"Department manager , business services", อำนวยการวางแผน กำกับดูแล และควบคุมการปฏิบัติงานของสถานประกอบการซึ่งเกี่ยวข้องกับการจัดหาบริการให้แก่ธุรกิจ เช่น ที่ปรึกษาด้านการบริหาร การวิจัยตลาด การบัญชี การบริการส่วนบุคคล การบริการด้านการโฆษณา การบริการด้านความปลอดภัย ฯลฯ : วางแผนและพัฒนานโยบายและขั้นตอนการปฏิบัติงาน ; ให้คำแนะนำแก่พนักงานในการพัฒนาและดำเนินกลยุทธ์ทางการตลาดและการขายให้บรรลุผลสำเร็จ ; ควบคุมงบประมาณ การจัดทำสัญญา และการใช้เครื่องมือเครื่องใช้ และอุปกรณ์ต่าง ๆ,1,NaT,NaT,None,None
1227.30,1,12,122,1227,ผู้จัดการด้านการจัดประชุม ,Meeting Manager, รับผิดชอบงานจัดการประชุมที่ได้รับมอบหมายจากหน่วยงาน : ปรึกษาหารือกับผู้บริหาร ระดับสูงของหน่วยงาน ในการพิจารณาตัดสินใจเกี่ยวกับเหตุผลและวัตถุประสงค์ของการจัดประชุมหัวข้อการประชุม เป้าหมายสูงสุดของการดำเนินการ การเชิญผู้ร่วมประชุมและวิทยากรในที่ประชุม ร่างแผนงาน รวมถึงระยะเวลาและการจัดสรรงบประมาณ ; ประสาน รวบรวมข้อมูลและหารือกับนัก วางแผนงานประชุมเพื่อกำหนดระเบียบวาระการประชุม กำหนดตารางเวลาการประชุมและงบประมาณ ในรายละเอียด ; มอบหมายงานให้นักวางแผนงานประชุมดำเนินการ และควบคุมกำกับดูแลจนจบงาน,1,NaT,NaT,None,None
1228.20,1,12,122,1228,ผู้จัดการฝ่ายการให้บริการส่วนบุคคล ,"Department manager , personnel care"," วางแผน กำกับดูแลและประสานงานในกิจกรรมที่เกี่ยวกับการให้บริการ เช่น ผู้จัดฝ่ายเสริมสวย , บริการซักรีด เป็นต้น : กำกับดูแลการดำเนินงานประจำวันให้บรรลุผลตามแผน ควบคุมการใช้จ่าย งานบุคลากรและการอบรมแก่เจ้าหน้าที่ผู้ปฏิบัติ",1,NaT,NaT,None,None
1228.30,1,12,122,1228,ผู้จัดการฝ่ายงานทำความสะอาด ,"Department manager , cleaning", วางแผน กำกับดูแลและประสานงานในกิจกรรมที่เกี่ยวกับการบริการทำความสะอาด : กำกับดูแลการดำเนินงานประจำวันให้บรรลุผลตามแผนการ ติดต่อประสานงานหรือเป็นตัวแทนในการเจรจากับลูกค้า ควบคุมการใช้จ่าย งานบุคลากรและการอบรมแก่เจ้าหน้าที่ผู้ปฏิบัติ,1,NaT,NaT,None,None
1229.20,1,12,122,1229,ผู้บริหารหน่วยงานในมหาวิทยาลัย ,University administrator, บริหารงานในฐานะผู้บริหารหน่วยงานในมหาวิทยาลัยให้สอดคล้องกับนโยบายของมหาวิทยาลัย : กำหนดนโยบาย แผนงาน หลักสูตรและรายละเอียดเพื่อเสนอต่อสภามหาวิทยาลัย วางระเบียบ กฎ และข้อบังคับภายในหน่วยงานตามที่สภามหาวิทยาลัยมอบหมาย พิจารณาเสนอการดำรงตำแหน่งทางวิชาการของคณาจารย์ประจำต่อมหาวิทยาลัยและปฏิบัติหน้าที่อื่นที่เกี่ยวข้อง ผู้ดำรงตำแหน่งเหล่านี้อาจมีชื่อเรียกว่า คณบดี รองคณบดี หัวหน้าภาควิชา หัวหน้าคณะวิชา หรือตำแหน่งที่มีชื่อเรียกอย่างอื่นในหน่วยงานในมหาวิทยาลัย ตามที่มหาวิทยาลัยกำหนด,1,NaT,NaT,None,None
1229.25,1,12,122,1229,ผู้บริหารสถานศึกษา,, บริหารงานในฐานะหัวหน้าและผู้ช่วยหัวหน้าสถานศึกษาในสถานศึกษา ให้เป็นไปตามนโยบายและวัตถุประสงค์ของหน่วยงานภายใต้กฎหมาย กฎ ระเบียบและข้อบังคับ ; วางแผน ดำเนินงาน ประสานงาน ปกครอง และนิเทศงานตลอดจนติดตามและประเมินผลงานด้านวิชาการ ควบคุม ดูแลงานธุรการหรือบริหารทั่วไปของสถานศึกษา สร้างเสริมความสัมพันธ์ชุมชนและปฏิบัติหน้าที่อื่นที่เกี่ยวข้อง ผู้ดำรงตำแหน่งเหล่านี้อาจมีชื่อเรียกว่า อธิการบดี รองอธิการบดี ผู้ช่วยอธิการบดี ผู้อำนวยการวิทยาเขต ผู้ช่วยผู้อำนวยการวิทยาเขต ผู้อำนวยการวิทยาลัย ผู้ช่วยผู้อำนวยการวิทยาลัย ผู้อำนวยการ โรงเรียน ผู้ช่วยผู้อำนวยการโรงเรียน ผู้อำนวยการศูนย์ ผู้ช่วยผู้อำนวยการศูนย์ หัวหน้าศูนย์ ผู้ช่วย หัวหน้าศูนย์ อาจารย์ใหญ่ ผู้ช่วยอาจารย์ใหญ่ ครูใหญ่ ผู้ช่วยครูใหญ่ หรือตำแหน่งที่มีชื่อเรียกอย่างอื่นในหน่วยงานการศึกษา,1,NaT,NaT,None,None
1229.30,1,12,122,1229,ผู้1226.70จัดการด้านวัฒนธรรม สันทนาการและกีฬา ,"Manager, cultural, recreation and sporting activities, department", บริหารงานในฐานะหัวหน้าหรือผู้บริหารในงานที่เกี่ยวกับวัฒนธรรม สันทนาการและการกีฬา ให้เป็นไปตามนโยบายและวัตถุประสงค์ของหน่วยงาน ภายใต้กฎ ระเบียบและข้อบังคับ : วางแผนและดำเนินงานรวมทั้งควบคุมและบริหารงานงบประมาณ งานบุคคลให้เป็นไปอย่างมีประสิทธิภาพและบรรลุผลตามนโยบาย อาจให้คำแนะนำหรือจัดรายการส่งเสริมด้านวัฒนธรรม สันทนาการและการกีฬา,1,NaT,NaT,None,None
1229.40,1,12,122,1229,ผู้บริหารสถานีวิทยุกระจายเสียง ,"Manager , radio station", บริหารงานสถานีให้ดำเนินไปตามวัตถุประสงค์และนโยบายที่กำหนดไว้ และตามระเบียบว่าด้วย ระเบียบวิทยุกระจายเสียงและวิทยุโทรทัศน์ ควบคุมบังคับบัญชาพนักงานให้ปฏิบัติตามระเบียบและข้อบังคับของสถานี พิจารณาบำเหน็จความดีความชอบ การเลื่อนเงินเดือน การลงโทษทางวินัยของพนักงาน ควบคุมการจัดทำงบประมาณรายรับ-รายจ่าย รายงานการเงิน เพื่อเสนอคณะกรรมการหรือเจ้าของสถานี ออกข้อปฏิบัติภายใน หรือคำสั่งในอันที่จะส่งเสริมประสิทธิภาพการทำงาน ติดต่อ ประสานงานกับองค์กรทั้งในหรือต่างประเทศ เพื่อขอความร่วมมือด้านข้อมูลข่าวสารและวิทยาการสมัยใหม่ สร้างบรรยากาศที่ดีในสถานี ให้คำแนะนำ คำปรึกษาแก่เจ้าหน้าที่ฝ่ายต่าง ๆ ติดตามรับฟังการออกอากาศในแต่ละวัน พัฒนาสถานีด้วยวิธีการต่าง ๆ เสนอแนะแนวทางในการ แก้ไขปัญหาหรือการพัฒนางานของสถานี ต่อคณะกรรมการบริหารหรือเจ้าของสถานี,1,NaT,NaT,None,None
1229.45,1,12,122,1229,ผู้ผลิตรายการวิทยุกระจายเสียง ,"Producer , radio", กำหนดรูปแบบรายการ ประเภทของเนื้อหา เวลาออกอากาศและบุคลิกของ ผู้ดำเนินรายการ ให้สอดคล้องกับกลุ่มเป้าหมาย จัดหา จัดเตรียมหรือจัดทำส่วนประกอบต่าง ๆ ของรายการ อาทิ เพลงประกอบ เอกสารข้อมูล เทป วัสดุ อุปกรณ์ และบุคลากรผู้เชี่ยวชาญที่เกี่ยวข้อง อาจเป็นผู้ดำเนิน รายการเอง หรือมอบหมายให้ผู้หนึ่งผู้ใดดำเนินการแทน ซักซ้อมทำความเข้าใจกับฝ่ายเทคนิคเกี่ยวกับลำดับขั้นตอนในรายการ อาจควบคุมการตัดต่อในกรณีที่เป็นการบันทึกเทป ดูแลให้การดำเนินรายการเป็นไปตามวัตถุประสงค์ที่กำหนดไว้ ประเมินผลสัมฤทธิ์ของรายการที่ออกอากาศ,1,NaT,NaT,None,None
1229.55,1,12,122,1229,ผู้ผลิตรายการโทรทัศน์ ,"Producer , television", ผลิตหรือมอบหมายให้มีผู้ดำเนินการผลิตรายการโทรทัศน์ให้สำเร็จลุล่วงตามวัตถุประสงค์ ติดตามดูแลงานของฝ่ายต่างๆที่เกี่ยวข้อง ตั้งแต่ขั้นตอนการวางแผนการผลิตรายการ การดำเนินการผลิตและหลังการดำเนินการผลิต ประเมินผลรายการเพื่อนำข้อมูลที่ได้มาเป็นแนวทางในการจัดทำต่อไป,1,NaT,NaT,None,None
1229.60,1,12,122,1229,ผู้อำนวยการสร้างภาพยนตร์ ,"Producer , motion picture", รับผิดชอบในการวางแผนการผลิตภาพยนตร์ ประสานงานกับผู้เขียนเรื่อง ผู้กำกับ ภาพยนตร์ พิจารณาบทภาพยนตร์ ตลอดจนการดำเนินงานและขอบเขตของภาพยนตร์ที่จะเสนอ จัดตั้ง งบประมาณที่จะต้องใช้ในการดำเนินงานของแต่ละหน่วยงาน จัดหาเงินทุนและควบคุมค่าใช้จ่ายในการผลิตภาพยนตร์ให้อยู่ในงบประมาณ อนุมัติสั่งจ่ายงบประมาณในการสร้างภาพยนตร์ ปรึกษากับผู้กำกับภาพยนตร์คัดเลือกตัวผู้แสดงในบทบาทสำคัญ ประชุมปรึกษาหารือกับผู้จัดการกองถ่ายทำภาพยนตร์และผู้กำกับภาพยนตร์เกี่ยวกับความก้าวหน้าและผลของการดำเนินงานสร้างภาพยนตร์ ดูแลให้งานผลิตภาพยนตร์ดำเนินลุล่วงไปด้วยดีตามนโยบายและวัตถุประสงค์ภายในกำหนดเวลา ทั้งนี้ตั้งแต่ขั้นแรกของงานไปจนกระทั่งภาพยนตร์ออกฉาย,1,NaT,NaT,None,None
1229.65,1,12,122,1229,ผู้จัดการกองถ่ายทำภาพยนตร์ ,"Manager , motion picture", ทำหน้าที่จัดการดูแลความเรียบร้อยในกองถ่ายทำภาพยนตร์ ตลอดจนวางแผนจัดตารางการถ่ายทำภาพยนตร์ อำนวยความสะดวก ดูแลความเรียบร้อยในการถ่ายทำภาพยนตร์ ติดต่อประสานงานกับฝ่ายต่าง ๆ ควบคุมคนงานในกองถ่ายทำภาพยนตร์ แก้ปัญหาเฉพาะหน้าที่เกิดขึ้นระหว่างมีการถ่ายทำภาพยนตร์ เพื่อให้การถ่ายทำภาพยนตร์ดำเนินไปด้วยความเรียบร้อย,1,NaT,NaT,None,None
1229.90,1,12,122,1229,ผู้จัดการฝ่ายผลิตอื่นๆ,, ผู้ปฏิบัติงานอาชีพในกลุ่มนี้ รวมถึง ผู้จัดการฝ่ายผลิตและปฏิบัติการอื่นๆ ซึ่งมิได้จัดประเภทไว้ในที่อื่น,1,NaT,NaT,None,None
1231.20,1,12,123,1231,ผู้จัดการฝ่ายการเงินและการบัญชี ,"Department manager , finance , accounting", ทำงานด้านการวางแผน กำกับดูแลการปฏิบัติงานด้านการเงิน พัฒนา และมีส่วนร่วมในการกำหนดนโยบายการเงินของหน่วยงาน : ตีความนโยบายการเงิน ดำเนินการปฏิบัติและวางแผน และนำขั้นตอนการปฏิบัติงานแนวใหม่มาใช้เพื่อปรับปรุงประสิทธิภาพและลดต้นทุนค่าใช้จ่าย ; ควบคุมการปฏิบัติงานของฝ่ายการเงิน ฝ่ายตรวจสอบบัญชี และฝ่ายบัญชี ; ประสานงานและกำกับดูแลการ วางแผน,1,NaT,NaT,None,None
1231.30,1,12,123,1231,ผู้จัดการฝ่ายบริหารทั่วไป ,"Department manager , administration", ทำงานเกี่ยวกับการวางแผน กำกับ ดูแล ควบคุมการบริหารงานภายในของสถานประกอบการอุตสาหกรรม พาณิชยกรรม หรือองค์กรอื่นๆ โดยมีส่วนร่วมในการกำหนดนโยบาย เกี่ยวกับการบริหารงานของหน่วยงาน : จัดการงานด้านบริการต่างๆ เพื่อให้การดำเนินงานของหน่วยงานมีประสิทธิภาพ เช่น งานบริการด้านการบริหาร งานเลขานุการ งานรับรอง งานคำนวณค่าจ้าง งานวางแผนการประชุมและการเดินทาง งานประมวลผลข้อมูล งานจัดเก็บข้อมูลข่าวสาร งานพัสดุไปรณียภัณฑ์ งานจัดการด้านการบันทึก การโทรคมนาคม การพิมพ์ การจัดหาและจัดการด้านสังหาริมทรัพย์ งานรักษาความปลอดภัย งานจัดการด้านสถานที่จอดรถ และการดำเนินงานด้านอื่น ๆ ที่ไม่อยู่ในความรับผิดชอบของฝ่ายใด ; วางแผนการพัฒนา กำหนดเป้าหมาย และขั้นตอนการปฏิบัติงานเพื่อปรับปรุงความสามารถในการผลิตและการบริการลูกค้า รวมทั้งจัดการด้านการเตรียมการ การวิเคราะห์ เจรจาต่อรอง และพิจารณาทบทวนสัญญาที่เกี่ยวข้องกับการจัดซื้อหรือการขายวัสดุ อุปกรณ์ ผลิตภัณฑ์และบริการ,1,NaT,NaT,None,None
1232.20,1,12,123,1232,ผู้จัดการฝ่ายบุคคล ,"Department manager , personnel", วางแผน กำกับดูแล และประสานงานด้านนโยบายเกี่ยวกับงานบุคลากรขององค์กร :กำหนดขั้นตอนและดำเนินการในเรื่องการสรรหา การฝึกอบรม การเลื่อนขั้น การโยกย้าย งานสวัสดิการโครงการเงินเดือนและค่าตอบแทน รวมทั้งกำหนดมาตรฐานตำแหน่งงาน ควบคุม ดูแลผู้ปฏิบัติงาน,1,NaT,NaT,None,None
1232.30,1,12,123,1232,ผู้จัดการฝ่ายอุตสาหกรรมสัมพันธ์ ,"Department manager , industrial relation", วางแผน กำกับดูแล และประสานงานด้านนโยบายเกี่ยวกับงานอุตสาหกรรมสัมพันธ์ : ควบคุมดูแลงานด้านความปลอดภัยในการทำงานขององค์กร ประสานงานและปรึกษาหารือกับลูกจ้างเพื่อวางกรอบด้านแรงงานสัมพันธ์ ช่วยกำหนดวิธีการเสนอข้อข้องใจหรือข้อร้องทุกข์ ; ทำการไกล่เกลี่ยและระงับข้อพิพาทและข้อร้องทุกข์ที่เกิดขึ้นภายในองค์กร,1,NaT,NaT,None,None
1232.40,1,12,123,1232,ผู้จัดการฝ่ายฝึกอบรม ,"Department manager , training", วางแผน กำกับดูแล และประสานงานด้านนโยบายเกี่ยวกับงานฝึกอบรม กำหนด หลักสูตรและวางระบบขั้นตอนการฝึกอบรมสำหรับเจ้าหน้าที่ในองค์กร ประสานงานและวางแผนร่วมกับหน่วยงานอื่น เพื่อศึกษาถึงความต้องการของหน่วยงานในด้านการฝึกอบรมเพื่อเพิ่มทักษะหรือเพื่อให้สามารถปฏิบัติงานได้ ให้การฝึกอบรมและคำแนะนำแก่คนงานหรือหน่วยงานตามความจำเป็น ควบคุมดูแลผู้ปฏิบัติงาน,1,NaT,NaT,None,None
1233.20,1,12,123,1233,ผู้จัดการฝ่ายขาย ; ผู้จัดการฝ่ายส่งเสริมการขาย ,Sales manager, อำนวยการวางแผน กำกับดูแล และประสานงานซึ่งเกี่ยวข้องกับการขายสินค้าและบริการ การบริการด้านเทคนิค และการบริการด้านการโฆษณาประชาสัมพันธ์ : ควบคุมการปฏิบัติงานของพนักงานในหน่วยขาย การฝึกอบรม และการประเมินผลการปฏิบัติงานเพื่อพัฒนาและควบคุมแผนงานขาย ; ประสานงานกับสถานประกอบการในเขตจำหน่ายเกี่ยวกับการขาย ราคาขายและเป้าหมายการจำหน่าย ; กำหนดเขตการจำหน่ายสินค้าให้แก่พนักงานขาย ; ประเมินค่าการขายของ ผู้จำหน่ายปลีก และช่วยอบรมผู้จำหน่ายปลีกตามโครงการอบรมและส่งเสริมการขาย ; ตรวจสอบการวิเคราะห์ตลาดเพื่อพิจารณาความต้องการของลูกค้าปริมาณสินค้าที่ขายได้ รายการสินค้าและอัตราการลดราคา ตลอดจนพัฒนาการโฆษณาขายสินค้าเพื่อให้เป็นไปตามเป้าหมายของบริษัท ; ควบคุม มาตรฐานของผลิตภัณฑ์ ; เป็นผู้แทนของบริษัทในการประชุมสมาคมการค้าเพื่อส่งเสริมผลิตภัณฑ์ ; ควบคุมดูแลการติดต่อประสานงานระหว่างร้านค้ากับหน่วยงานอื่นๆ ; วิเคราะห์และควบคุมรายจ่ายของหน่วยขาย ; ช่วยหน่วยอื่นๆ จัดเตรียมคู่มือและเอกสารทางวิชาการ ; วิเคราะห์ข้อมูลสถิติการขายเพื่อช่วยฝ่ายจัดการวางนโยบายอาจจัดทำสถิติการขาย อาจอำนวยการขายให้ผู้ผลิต ห้างร้านขายปลีก สถานที่ขายส่ง ผู้ขายเหมา หรือสถานประกอบการอื่นๆ,1,NaT,NaT,None,None
1233.30,1,12,123,1233,ผู้จัดการฝ่ายการตลาด ,Marketing manager, อำนวยการวางแผนเพื่อสร้างเครือข่ายการจำหน่ายสินค้าและบริการของหน่วยส่งเสริมการตลาด และศึกษาวิจัยทางการตลาด : พัฒนากลยุทธ์ทางการตลาดอย่างละเอียด โดยประสานงานกับฝ่ายพัฒนาผลิตภัณฑ์และฝ่ายวิจัยตลาด เพื่อพิจารณาความต้องการสินค้าและบริการที่หน่วยงานของตนและหน่วยงานคู่แข่งจัดให้แก่ลูกค้า ; พัฒนากลยุทธ์ด้านการกำหนดราคาสินค้า ซึ่งคำนึงถึงการมีส่วนแบ่งทางการตลาดและกำไรที่จะได้รับ โดยที่ทำให้ลูกค้าเกิดความพึงพอใจ ; ติดตาม ตรวจสอบ และสังเกตการณ์แนวโน้มของตลาดซึ่งแสดงให้เห็นถึงความต้องการผลิตภัณฑ์และบริการใหม่ๆ ของกลุ่มลูกค้า ; ควบคุมการพัฒนาผลิตภัณฑ์ ตลอดจนทำงานร่วมกับฝ่ายโฆษณาและประชาสัมพันธ์ในการเผยแพร่ประชาสัมพันธ์เพื่อดึงดูดให้ผู้ใช้เกิดความสนใจในสินค้าและบริการ,1,NaT,NaT,None,None
1234.20,1,12,123,1234,ผู้จัดการฝ่ายโฆษณา ; ผู้จัดการฝ่ายส่งเสริมงานโฆษณา ,"Department manager , advertising ; Creative director", อำนวยการวางแผน และกำกับดูแลงานนโยบายและแผนงานด้านการโฆษณาผลิตภัณฑ์สินค้าและบริการของหน่วยงาน : กำหนดกลยุทธ์ แนวทางการสร้างสรรโฆษณา ออกความคิดและพิจารณาเลือกสื่อโฆษณาและเทคนิคโฆษณาที่จะนำไปใช้ ; ควบคุมดูแลการผลิตงานโฆษณาให้เป็นไปตามนโยบายและแผนงานที่กำหนดไว้ ; ประสานงานกิจกรรมต่างๆ กับหน่วยงานที่เกี่ยวข้อง เช่น กิจกรรมการขาย กราฟฟิกอาร์ท สื่อโฆษณา การเงิน และการวิจัย ; ปรึกษาหารือกับลูกค้าเพื่อให้ คำแนะนำด้านเทคนิคและการตลาด ; ทดสอบ ติดตามและวิเคราะห์ผลการส่งเสริมการขายเพื่อวัดประสิทธิผลด้านต้นทุน ; ให้ข้อมูลข่าวสารเพื่อการพิมพ์เผยแพร่ เช่น ให้สัมภาษณ์นักข่าว หรือให้บทความเกี่ยวกับกิจกรรมของหน่วยงาน ใกล้ชิดกับผู้จัดการฝ่ายประชาสัมพันธ์ ; ประเมินผลการโฆษณา,1,NaT,NaT,None,None
1234.30,1,12,123,1234,ผู้จัดการฝ่ายประชาสัมพันธ์ ,"Department manager , public relation", อำนวยการบริหารจัดการ และกำกับดูแลแผนงานประชาสัมพันธ์ให้สำเร็จลุล่วงตาม วัตถุประสงค์ของหน่วยงานและเพื่อตอบสนองความต้องการของลูกค้า : ให้คำแนะนำปรึกษา ควบคุมแผนงานการโฆษณาประชาสัมพันธ์สินค้าและบริการเพื่อเผยแพร่แก่สาธารณชนที่เป็นเป้าหมาย โดยใช้สื่อทุกรูปแบบที่เหมาะสมในการรักษากลุ่มลูกค้าของหน่วยงาน ; วางแผนการประชาสัมพันธ์ วิเคราะห์ผลิตภัณฑ์และกิจการ สร้างภาพพจน์ของกิจการ ; ประเมินแผนงานโฆษณาและประชาสัมพันธ์เพื่อให้สอดคล้องกับความพยายามในการทำการประชาสัมพันธ์ ; สังเกตแนวโน้มด้านสังคม เศรษฐกิจและการเมือง ซึ่งอาจจะมีผลกระทบต่อหน่วยงาน ตลอดจนให้การแนะนำเพื่อเสริมสร้างภาพลักษณ์ที่ดีของหน่วยงาน อาจประสานงานกับฝ่ายแรงงานสัมพันธ์ในการสร้างระบบการสื่อสารภายในหน่วยงาน ช่วยงานผู้บริหารระดับสูงเขียนบทความเพื่อแสดงความคิดเห็นในปัญหาต่างๆ ร่างคำแถลงการณ์ จัดทำเอกสารเผยแพร่สื่อความหมายและประชาสัมพันธ์ไปสู่กลุ่มเป้าหมาย โดยผ่านสื่อมวลชนต่างๆ อย่างมี ประสิทธิภาพ จัดเตรียมการให้สัมภาษณ์ หรือทำกิจกรรมอื่นๆ เพื่อให้สาธารณชนเกิดความสนใจ ,1,NaT,NaT,None,None
1235.20,1,12,123,1235,ผู้จัดการฝ่ายจัดซื้อ และวัสดุ ,Supply manager, จัดการงานเกี่ยวกับการซื้อ วัตถุดิบ อุปกรณ์ อะไหล่ เครื่องมือเครื่องใช้ และบริการด้านต่างๆ ที่จำเป็นสำหรับการทำงานขององค์การ เช่น สถานประกอบการอุตสาหกรรม การสาธารณูปโภค หรือหน่วยงานรัฐบาล และตรวจสอบดูว่าหน่วยงานหรือเจ้าหน้าที่ในสถานประกอบการได้รับสิ่งของเครื่องใช้อย่างรวดเร็ว และทันกำหนดเวลา : ตรวจสอบความต้องการใช้สิ่งของเครื่องใช้ของหน่วยงานและพนักงานในสถานประกอบการ ; สัมภาษณ์ผู้มาติดต่อขายสินค้าเกี่ยวกับชนิดของผลิตภัณฑ์ ราคา ความสามารถในการจัดหาสินค้าของผู้มาติดต่อขายสินค้า เพื่อการผลิตผลิตภัณฑ์ การให้บริการ และกำหนดวันส่งของสินค้า ; ตรวจสอบใบประกวดราคาจากผู้เสนอราคา และเจรจาทำสัญญาซื้อกับ ผู้ประมูลได้ภายในวงเงินงบประมาณ หรือสำรวจราคาตลาด และพิจารณาการสั่งซื้อของหน่วยงาน ; เก็บรักษาหรือควบคุมการเก็บรักษาบันทึกเรื่องราวเกี่ยวกับรายการซื้อ ต้นทุน การส่งมอบ การใช้ผลิตภัณฑ์และสินค้าคงคลัง ; ปรึกษาหารือกับเจ้าหน้าที่ตรวจสอบสินค้า หรือพนักงานผู้ใช้สินค้าเกี่ยวกับ ข้อบกพร่องของสินค้าที่ซื้อมาและใช้ไม่ได้ เพื่อพิจารณาหาสาเหตุและแก้ไขให้ดีขึ้น อนุมัติคำสั่งซื้อของและใบจ่ายเงิน และติดตามคำสั่งซื้อของเพื่อตรวจสอบให้แน่ใจว่าได้รับมอบตามกำหนดเวลา,1,NaT,NaT,None,None
1235.30,1,12,123,1235,ผู้จัดการฝ่ายพัสดุ (คลังสินค้า) ,Storage and Distribution Manager,อำนวยการด้านคลังสินค้าของสถานประกอบการพาณิชยกรรม และสถานประกอบการอุตสาหกรรม : กำหนดมาตรฐานและวิธีการดำเนินงานต่างๆ เช่น ตรวจสอบการขนส่งสินค้าเข้าและสินค้าออก การขนถ่ายวัสดุ และเก็บรักษาสินค้าคงคลัง ; ตรวจดูสภาพของคลังสินค้าและเครื่องมือเครื่องใช้ และจัดการซ่อมหรือเปลี่ยนวัสดุโครงสร้าง ; ปรึกษาหารือกับหัวหน้าหน่วยงานต่างๆ เพื่อประสานงานคลังสินค้ากับกิจการอื่นๆ เช่น การผลิต การขาย การควบคุมบันทึกต่างๆ และการซื้อ ; คัดเลือกและจ้างพนักงานและสั่งงาน อาจซื้อวัสดุหรือดำเนินการเรียกร้องเงินชดเชยสำหรับวัสดุที่เสียหายหรือที่ใช้แล้ว รวมทั้งวางแผนและพัฒนาแผนงานและกิจกรรมด้านความมั่นคงและปลอดภัยของคลังสินค้า,1,NaT,NaT,None,None
1236.20,1,12,123,1236,ผู้จัดการฝ่ายบริการงานด้านคํานวณ,"Computing service manager, department",ทำหน้าที่กำกับดูแลและประสานงานบริการด้านการคำนวณของบริษัทหรือองค์กร : ควบคุมการจัดซื้อ ติดตั้ง และบำรุงรักษาอุปกรณ์และซอฟแวร์เกี่ยวกับการคำนวณ ; กำหนดนโยบายและวางแผนงานด้านการประมวลผลข้อมูลต่างๆ ขององคก์ร,1,NaT,NaT,None,None
1237.20,1,12,123,1237,ผู้จัดการฝ่ายวิจัยและพัฒนา ,"Department manager , research and development", อำนวยการวางแผน ควบคุมดูแลการปฏิบัติงานของพนักงานที่ทำงานด้านวิจัยและพัฒนาเพื่อพัฒนาผลิตภัณฑ์ใหม่ๆ การแก้ไขดัดแปลงผลิตภัณฑ์เดิม หรือเพื่อพัฒนาการวิจัยผลิตภัณฑ์ ขั้นมูลฐาน : วางแผนและควบคุมโครงการวิจัย ดูแลการปฏิบัติงานของพนักงาน ; วางหรือช่วยวางนโยบายพัฒนาผลิตภัณฑ์และประมาณการงบประมาณที่จะต้องใช้ ; วิจัยการตลาด ; พิจารณาแนวโน้มของงานวิศวกรรมและงานออกแบบจากที่มาต่าง ๆ เช่น วารสารทางวิชาการ การประชุมด้าน อุตสาหกรรม การวิเคราะห์คุณภาพและการใช้ประโยชน์ของผลิตภัณฑ์ชนิดใหม่ หรือผลิตภัณฑ์เดิมและสั่งให้วิจัยการพัฒนาผลิตภัณฑ์โดยร่วมมือกับหน่วยขายและหน่วยผลิต รวมทั้งการปฏิบัติตามข้อเสนอแนะของหน่วยงานทั้งสอง ; พิจารณาทรัพยากรต่าง ๆ เพื่อวิเคราะห์ผลิตภัณฑ์ หรือทำสัญญาเกี่ยวกับการศึกษาวิจัยกับบริษัทที่มาปรึกษาหารือ ; พิจารณารายงานทางวิชาการเกี่ยวกับผลิตภัณฑ์เพื่อเป็นแนวทางวางแผนการขาย,1,NaT,NaT,None,None
1238.20,1,12,123,1238,ผู้จัดการโครงการ ,Project Manager, ควบคุม ประสานงาน สั่งการ ติดตาม ตรวจสอบ ประเมินผลและรับผิดชอบงานด้านเทคโนโลยีสารสนเทศของโครงการ : บริหารโครงการ จัดสร้าง ดัดแปลงแก้ไขหรือซ่อมบำรุงระบบ โดยจัดสรรทรัพยากร เช่น กำลังคน อุปกรณ์ งบประมาณที่เหมาะสมและเพียงพอสำหรับดำเนินโครงการ เป็นผู้นำทีมบุคลากรในโครงการ กำหนดขอบเขตของงาน วางแผนงาน ให้คำปรึกษา ติดตามความก้าวหน้า ควบคุมคุณภาพของการดำเนินงาน วิเคราะห์และพัฒนาระบบเพื่อการประยุกต์ใช้งาน อาจมีส่วนในการวางนโยบายด้านการพัฒนาทักษาและความรู้ของบุคลากรไอที,1,NaT,NaT,None,None
1238.30,1,12,123,1238,ผู้จัดการด้านระบบคอมพิวเตอร์ ,System Manager, ควบคุม ประสานงาน สั่งการ ติดตาม ตรวจสอบ ประเมินผลและรับผิดชอบงานด้านเทคโนโลยีสารสนเทศของระบบงาน : วางแผนจัดการและควบคุมการบริหารงานด้านโปรแกรมและการพัฒนาระบบ ทบทวนและประเมินความต้องการด้านการให้บริการ ให้ความช่วยเหลือผู้ใช้ระบบตามความต้องการด้านสารสนเทศทางธุรกิจ กำกับดูแลและอนุมัติการวิเคราะห์ ออกแบบและพัฒนาโปรแกรมประยุกต์ พร้อมทั้งให้คำแนะนำด้านเทคนิค เผยแพร่ระบบและเอกสารปฏิบัติการ อาจกำกับดูแลฝึกอบรมด้านเทคนิคแก่ผู้ทำงานเกี่ยวกับการจัดการระบบสารสนเทศ,1,NaT,NaT,None,None
1239.20,1,12,123,1239,ผู้จัดการงานควบคุมจราจรทางอากาศ ,"Manager , Air Traffic controlling", รับผิดชอบในการควบคุม กำกับ ดูแล และให้คำปรึกษาแนะนำผู้ควบคุมจราจรทางอากาศที่อยู่ในความรับผิดชอบให้สามารถตอบสนองภารกิจต่างๆ โดยเฉพาะการควบคุมการจราจรทางอากาศให้ดำเนินไปด้วยความปลอดภัยและสะดวกสบายตลอดระยะเวลาที่มีการบินของอากาศยานที่ต้องใช้การควบคุมการจราจรทางอากาศ : จัดทำแผนงานและบริหารทรัพยากรที่นำมาใช้ในการควบคุมการจราจรทางอากาศไม่ว่าทางตรงหรือทางอ้อมให้มีประสิทธิภาพพร้อมที่จะใช้งานได้ตลอดเวลาและเป็นไปตามแผนงานหรือนโยบายที่ผู้บังคับบัญชากำหนด วิเคราะห์และแก้ไขปัญหาอุปสรรคต่างๆ ที่เกิดขึ้น รายงานเหตุการณ์และผลการปฏิบัติงานต่อผู้บังคับบัญชาชั้นสูงในโอกาสอันควร,1,NaT,NaT,None,None
1239.90,1,12,123,1239,ผู้จัดการฝ่ายอื่นๆ ซึ่งมิได้จัดประเภทไว้ในที่อื่น,, ผู้ปฏิบัติงานอาชีพในกลุ่มนี้ รวมถึงผู้จัดการซึ่งมิได้จัดประเภทไว้ในที่อื่น ,1,NaT,NaT,None,None
1311.20,1,13,131,1311,ผู้จัดการทั่วไปด้านการเพาะปลูก ,Agriculture General Manager, จัดการงานในฟาร์มพืชที่เป็นกิจการของตนเองหรือของนายจ้างโดยใช้ความรู้ความสามารถในการจัดการงานฟาร์มและเทคนิคเกี่ยวกับการทำฟาร์มมาใช้ในการเพาะปลูกพืชไร่นา พืชสวน และพืชในสถานเพาะชำและเรือนกระจก : วางแผน ควบคุม กำกับดูแลงานตามลำดับขั้นตอนของการทำฟาร์มเพาะปลูกตามขนาดของฟาร์ม จำนวนแรงงานที่ใช้ เครื่องจักรกลและอุปกรณ์ใช้ และต้นทุนการดำเนินงาน ; สั่งของ เครื่องใช้ต่างๆ ที่จะใช้ในการเพาะปลูก เช่น เมล็ดพันธุ์พืช ปุ๋ย และเครื่องมือ เครื่องใช้ต่างๆ ซึ่งจำเป็นในการเพาะปลูกพืชไร่ พืชสวน ไม้ดอกไม้ประดับ พืชผักและไม้ผล ; จัดสภาพแวดล้อมให้เหมาะสมกับการเพาะปลูก ; วางแผนและจัดการปลูกพืชหมุนเวียนเพื่อให้ได้ผลิตผลสูงสุดจากดินตามผลของการวิเคราะห์ดินและพืชที่เคยปลูกไปแล้ว ; ควบคุมการทำงานของคนงานในการวางแผนผังการเพาะปลูก การขยายพันธุ์พืช การเก็บเกี่ยวผลผลิตและการบำรุงรักษาเครื่องจักรกลทางการเกษตร ; พัฒนาการวางแผนด้านการตลาด ; จัดทำรายงานความก้าวหน้าและสภาวะการณ์ต่างๆ ของพืชและผลผลิตที่คาดหมายว่าจะเก็บเกี่ยวได้ ; จัดการขายและส่งผลิตภัณฑ์ของฟาร์มออกสู่ตลาด ; จัดเก็บและบันทึกข้อมูลเกี่ยวกับพันธุ์พืช การเงิน และบุคลากร,1,NaT,NaT,None,None
1311.30,1,13,131,1311,ผู้จัดการทั่วไปฟาร์มปศุสัตว์ ,Livestock Farm General Manager, จัดการงานในฟาร์มปศุสัตว์ที่เป็นกิจการของตนเองหรือของนายจ้าง โดยใช้ความรู้ความสามารถในการจัดการงานฟาร์มและเทคนิคเกี่ยวกับการทำฟาร์มมาใช้ในการผสมพันธุ์และเลี้ยง ปศุสัตว์ : วางแผนการดำเนินงานตามชนิดของปศุสัตว์ที่จะเลี้ยงหรือผสมพันธุ์ ขนาดของฟาร์ม จำนวนแรงงานที่ใช้ เครื่องจักรกลและอุปกรณ์ที่ใช้กับต้นทุนการดำเนินงาน ; คัดเลือกรายการสั่งซื้อและซื้อ ปศุสัตว์ อุปกรณ์สิ่งของ เครื่องใช้ต่างๆ ตลอดจนอาหารสัตว์ ; จัดการเกี่ยวกับการให้อาหาร ปศุสัตว์เลือกทั้งที่เลี้ยงในทุ่งหญ้าและที่จะต้องจัดเตรียมขึ้น ; จัดระบบงานตามโครงการผสมพันธุ์สัตว์โดยวิธีธรรมชาติหรือโดยการผสมทียม ; จัดระบบงานรักษาสุขภาพอนามัยและความปลอดภัยของ ปศุสัตว์และการรักษาสภาพแวดล้อมของฟาร์ม ; จัดการขายและส่งผลิตภัณฑ์จากฟาร์มออกสู่ตลาด ; ตรวจสอบดูให้แน่ว่าเครื่องจักรกลและอุปกรณ์ที่ใช้ในการทำฟาร์มได้รับการบำรุงรักษาเป็นอย่างดี ; ทำบันทึกค่าใช้จ่ายในการดำเนินงาน เช่น ค่าแรงงาน ค่าวัสดุที่ใช้ ค่าปศุสัตว์ที่ซื้อ ค่าซ่อมเครื่องจักรกลและอุปกรณ์ที่ ซื้อมา เพื่อให้ทราบถึงผลกำไรและคิดริเริ่มงานที่จะทำต่อไปในอนาคต ; ทำรายงานความก้าวหน้าต่างๆ ของฟาร์มเมื่อทำงานในฐานะลูกจ้าง ; ควบคุมการทำงานของคนงานในฟาร์ม อาจชำนาญในการ ผสมพันธุ์ และการเลี้ยงปศุสัตว์ชนิดใดชนิดหนึ่ง เช่น โคเนื้อ โคนม การฟักสัตว์ปีก และอาจมีชื่อเรียกตามงานที่ทำ,1,NaT,NaT,None,None
1311.40,1,13,131,1311,ผู้จัดการทั่วไปด้านการป่าไม้ ,Forestry General Manager, จัดการงานในป่าธรรมชาติและสวนป่าที่เป็นกิจการของตนเองหรือของนายจ้าง โดยใช้ความรู้ความสามารถในด้านวนศาสตร์ การจัดการและเทคนิคเกี่ยวกับการทำป่าไม้มาใช้ในการจัดการ พื้นที่ป่าธรรมชาติหรือพื้นที่สวนป่า : จัดการและปรับปรุงบริเวณป่าและทรัพยากรต่างๆ ในป่าเพื่อประโยชน์ทางเศรษฐกิจ การอนุรักษ์ทรัพยากรป่าไม้ และเพื่อการพักผ่อนหย่อนใจ ; วางแผนงานและอำนวยการตามโครงการที่ได้รับสัมปทานป่าไม้หรือโครงการปลูกสร้างสวนป่าทั้งในพื้นที่ที่เคยเป็นป่าและไม่เคยเป็นป่ามาก่อน ; ทำแผนที่หรือควบคุมดูแลการทำแผนที่ในบริเวณป่า ; ประมาณการหรือ ควบคุมประมาณการกำลังผลิตของป่า ; วางแผนการตัดต้นไม้เพื่อให้มีต้นไม้โตมาแทนที่ได้ทัน ; ทำการวิจัยในทางการจัดการป่าไม้ วิธีการตัดและการชักลากไม้ ซึ่งจะทำให้สิ้นเปลืองและเสียหายน้อยที่สุด ; อำนวยการดับไฟในป่าและควบคุมแผนการป้องกันไฟ ; วางแผนผังบริเวณตั้งแคมป์และศูนย์พักผ่อนหย่อนใจตลอดจนอำนวยการก่อสร้าง ; ช่วยในการวางแผนงานและในการดำเนินงานตามโครงการเพื่อควบคุมน้ำท่วม การพังทลายของดิน โรคและแมลงที่เป็นอันตรายต่อป่า ; ให้คำแนะนำในการแก้ปัญหาเกี่ยวกับป่าไม้และจัดโครงการศึกษาเกี่ยวกับการดูแลป่า ; ป้องกันการลักลอบตัดต้นไม้,1,NaT,NaT,None,None
1311.50,1,13,131,1311,ผู้จัดการทั่วไปในฟาร์มเพาะเลี้ยงสัตว์น้ำ ,Aquaculture General Manager, จัดการงานในฟาร์มเพาะเลี้ยงสัตว์น้ำที่เป็นกิจการของตนเองหรือของนายจ้าง โดยใช้ความรู้ความสามารถในการจัดการงานฟาร์มและเทคนิคเกี่ยวกับการทำฟาร์มมาใช้ในการเพาะเลี้ยงและผสมพันธุ์สัตว์น้ำ : วางแผนการดำเนินงานทั้งหมดในการเพาะพันธุ์ปลา การทำฟาร์มปลา หรือฟาร์มสัตว์น้ำจำพวกที่มีกระดอง และจำพวกที่มีเปลือกหุ้ม ; กำหนดความต้องการของพันธุ์สัตว์น้ำ คัดเลือก และควบคุมการจัดเตรียมสถานที่เพาะเลี้ยงสัตว์น้ำในแต่ละชนิด ; จัดการเกี่ยวกับระบบการให้อาหาร ; ติดตามสังเกตการณ์สิ่งแวดล้อมและทำการบำรุงรักษาสถานที่เพื่อเอื้อต่อการเจริญเติบโตของสัตว์น้ำ ; ดูแลด้านการทดสอบสัตว์น้ำเพื่อวินิจฉัยโรคหรือเชื้อปรสิตและให้ยาเพื่อควบคุมและป้องกันการติดเชื้อ ; ดำเนินการบำรุงรักษาเครื่องมือและอุปกรณ์ในการเพาะเลี้ยงและจับสัตว์น้ำให้อยู่ในสถานที่ดี ; ทำบันทึกข้อมูลเกี่ยวกับการเจริญเติบโตของสัตว์น้ำและผลผลิต ; เสนอบันทึกทางการเงินและกำหนดกลยุทธ์ทางการตลาดและวิธีการควบคุมคุณภาพ ตลอดจนกำกับดูแลการแปรรูปผลิตภัณฑ์สัตว์น้ำ,1,NaT,NaT,None,None
1312.20,1,13,131,1312,ผู้จัดการทั่วไปด้านการผลิต ,"General manager , manufacturing", วางแผนและดำเนินการในอุตสาหกรรมการผลิตต่าง ๆ ที่รับผิดชอบให้บรรลุผลตามนโยบาย : กำกับดูแลและประสานงานกับหน่วยงานที่เกี่ยวข้อง วางแผนควบคุมการใช้งบประมาณ บุคลากรและทรัพยากรต่าง ๆ อย่างมีประสิทธิภาพ รายงานผลการดำเนินงานต่อเจ้าของกิจการ,1,NaT,NaT,None,None
1313.20,1,13,131,1313,ผู้จัดการทั่วไปด้านการก่อสร้าง ,"General manager , construction", วางแผนและดำเนินการด้านธุรกิจก่อสร้างรวมถึงควบคุมคุณภาพงานให้บรรลุนโยบาย : กำกับ ดูแลและประสานงานกับหน่วยงานที่เกี่ยวข้อง ควบคุมการใช้งบประมาณ บุคลากรและทรัพยากรต่างๆ อย่างมีประสิทธิภาพ รายงานผลต่อเจ้าของกิจการ,1,NaT,NaT,None,None
1314.10,1,13,131,1314,ผู้จัดการทั่วไปด้านค้าปลีก ,"General manager , retail trade", ควบคุมกิจกรรมขายปลีกภายในเขต สาขา หรือหน่วยงานที่รับผิดชอบ ภายใต้การอำนวยการและนโยบายของผู้จัดการฝ่ายค้าปลีก : กำหนดวิธีการและเทคนิคต่างๆ ที่ใช้สำหรับควบคุมงานให้เกิดประสิทธิผล ภายใต้นโยบายที่สถานประกอบการกำหนดไว้ ; ควบคุมให้พนักงานทุกคนปฏิบัติงานตามแผนการปฏิบัติงานอย่างเคร่งครัด ; ควบคุมการจัดแสดงสินค้าให้เป็นตามแผนการโฆษณาที่ต้องการ ; ควบคุมให้การบริการแก่ลูกค้าเป็นไปอย่างรวดเร็ว ; พิจารณาและชี้แจงปัญหาต่างๆ ที่พนักงานขายได้เสนอขึ้นมา ; ควบคุมการจัดส่งและส่งมอบของที่บรรจุหีบห่อแล้วเพื่อป้องกันการล่าช้า ; ตรวจสอบใบเสร็จรับเงินและเอกสารแสดงหลักฐานการจ่ายเงิน; เสนอปัญหาสำคัญๆ และการให้ สินเชื่อต่อผู้จัดการ ; ควบคุมการเก็บรักษาบันทึกเรื่องราวต่างๆ ตามที่เห็นสมควร อาจให้คำแนะนำเกี่ยวกับการส่งเสริมการขาย การโฆษณา การให้สินเชื่อ เป็นต้น,1,NaT,NaT,None,None
1314.20,1,13,131,1314,ผู้จัดการทั่วไปด้านค้าส่ง ,"General manager , wholesales trade", ควบคุมกิจกรรมขายส่งภายในเขต สาขา หรือหน่วยงานที่รับผิดชอบภายใต้การ อำนวยการและนโยบายของผู้จัดการฝ่ายค้าส่ง : กำหนดวิธีการและเทคนิคต่างๆ ที่ใช้สำหรับควบคุมงานให้เกิดประสิทธิผลภายใต้นโยบายของสถานประกอบการได้กำหนดไว้ ; ควบคุมโครงการ ชักชวนและ/หรือการโฆษณาเพื่อหาลูกค้าด้วยวิธีไปพบลูกค้าด้วยตนเอง หรือคอยให้บริการแก่ลูกค้าในบริเวณที่ทำการ ; ควบคุมให้การส่งสินค้าและบริการแก่ลูกค้าตรงตามเวลา ปริมาณและคุณภาพที่ต้องการ ; ควบคุมให้การแสดงสินค้าเป็นไปอย่างเหมาะสม จัดทำและเก็บรักษาแบบของสินค้า (แคตาลอก) และแจกสินค้าตัวอย่าง ; ควบคุมการรับเงินสดและเช็คที่ลูกค้าจ่ายให้เป็นค่าสินค้า การรับเอกสารแสดง หลักฐานการจ่ายเงิน และการให้สินเชื่อแก่ลูกค้าตามที่พิจารณาเห็นว่าเหมาะสม ; ควบคุมการเก็บรักษาบันทึกเรื่องราวทั้งหมด อาจทำรายงานผลความก้าวหน้าของการขายเสนอต่อฝ่ายจัดการ อาจให้คำแนะนำแก่ฝ่ายจัดการเกี่ยวกับวิธีการพัฒนาการขาย การขยายโครงสร้างของราคาสินค้าแต่ละชนิด การให้ เช่าซื้อ และการให้สินเชื่อ ตลอดจนการให้คำแนะนำเกี่ยวกับการส่งเสริมการขาย,1,NaT,NaT,None,None
1314.30,1,13,131,1314,เจ้าของผู้ดำเนินธุรกิจค้าส่ง ,"Owner , retail trade", จัดการงานส่งเสริมและทำงานในสถานประกอบการค้าส่งที่เป็นของตนเอง : วางแผน การขายเพื่อขายสินค้าของสถานประกอบการให้ได้มากที่สุด ; แต่งตั้งและฝึกอบรม หรือควบคุมดูแลการฝึกอบรมพนักงานในหน่วยขายให้เป็นไปตามแผนงานที่ได้วางไว้ ; มอบหมายเขตการขายให้แก่พนักงานขาย ; ประเมินความสามารถในการขายของผู้จำหน่ายสินค้า ; จัดรายการฝึกอบรมและเทคนิคเกี่ยวกับการส่งเสริมการขายให้ผู้จำหน่ายสินค้า ; ตรวจสอบการวิเคราะห์ตลาดเพื่อจะได้ทราบถึงความต้องการของ ลูกค้า ราคาสินค้า ปริมาณสินค้าที่ตลาดต้องการ และอัตราส่วนลดและอำนวยการขายสินค้า ; วิเคราะห์สถิติการขายเพื่อวางนโยบายการขาย ; ปฏิบัติงานทั้งหมดเกี่ยวกับการควบคุมดูแล การประสานงาน และการควบคุมเพื่อให้การจัดการงานค้าส่งมีประสิทธิผล ; คอยตรวจสอบว่ามีสินค้าอยู่ในคลังสินค้าพอเพียงที่จะจำหน่ายให้แก่ลูกค้าปลีก ; ควบคุมรายได้รายจ่าย การเก็บเงินและการจ่ายเงิน ,1,NaT,NaT,None,None
1314.40,1,13,131,1314,เจ้าของผู้ดำเนินธุรกิจค้าปลีก ,"Owner , wholesales trade", จัดการงานส่งเสริมและทำงานในสถานประกอบการค้าปลีกที่เป็นของตนเอง : วางแผนการจัดวางสินค้า เทคนิคในการเพิ่มอัตราการขายและการปฏิบัติงานขายทั่วไป ; จ้าง ฝึกอบรมและปลดพนักงาน ; วางแผนและควบคุมดูแลการปฏิบัติงานของพนักงานอย่างมีประสิทธิภาพ และมีสมรรถภาพในการทำงาน ; ควบคุมดูแลการทำคำสั่งซื้อสินค้าเข้าเก็บไว้ในคลังสินค้า ; วางนโยบายราคา ; ประสานงานกิจกรรมส่งเสริมการขายและพิจารณาอนุมัติเทคนิคของการโฆษณา ; ตรวจและควบคุมดูแลการตรวจรายการสินค้าและคลังสินค้า ตลอดจนเก็บรักษาบันทึกทั้งหมด ; ตรวจสอบดูให้แน่ว่าการเก็บและการทำบัญชีเงินสดเป็นไปอย่างเหมาะสม ; พิจารณาการให้สินเชื่อแก่ลูกค้าเฉพาะราย ; ตรวจสอบดูให้แน่ว่า สินค้าในคลังสินค้ามีอยู่อย่างพอเพียง และพร้อมที่จะส่งให้แก่ผู้ซื้อสินค้าได้ทันที,1,NaT,NaT,None,None
1315.20,1,13,131,1315,ผู้จัดการทั่วไปของภัตตาคาร / ห้องอาหาร ,"General manager, restaurant", ทำหน้าที่บริหารจัดการงานของกิจการภัตตาคารขนาดย่อม ซึ่งเป็นกิจการของตนเองหรือของนายจ้าง : วางแผนงานและบริหารด้านงานบุคคล การใช้ทรัพยากร ; ควบคุมการดำเนินงานให้เป็นไปตามนโยบาย จัดทำงบประมาณ ประสานงานเจรจาทางธุรกิจกับผู้ส่งสินค้า ลูกค้าและหน่วยงานอื่นๆ ควบคุมดูแลการปฏิบัติงานในการบริการลูกค้า การวางแผนรายการและอาหาร การส่งเสริมการขาย ; จัดทำรายงานผลการดำเนินงานต่อเจ้าของกิจการ (ถ้ามี) และอาจปฏิบัติงานเพียงบางอย่างหรือทั้งหมดด้วยตนเอง,1,NaT,NaT,None,None
1315.30,1,13,131,1315,ผู้จัดการทั่วไปของโรงแรม ,"General manager, hotel", ทำหน้าที่บริหารจัดการงานในธุรกิจโรงแรมที่เป็นของตนเองหรือของนายจ้าง : วางแผนงานการดำเนินงานทั้งหมดของโรงแรม ; ควบคุมการดำเนินงานให้เป็นไปตามนโยบายรวมถึงด้านบริหารด้านบุคลากร ด้านห้องพัก ด้านอาหารและเครื่องดื่ม การขายและการตลาด การจัดหาและใช้ทรัพยากร การรักษาความปลอดภัย ; จัดทำรายงานการดำเนินงานต่อเจ้าของกิจการ (ถ้ามี) อาจปฏิบัติงานเพียงบางอย่างหรือทั้งหมดด้วยตนเอง,1,NaT,NaT,None,None
1316.20,1,13,131,1316,ผู้จัดการทั่วไปด้านการขนส่ง ,"General manager, transportation", วางแผน กำกับดูแลและประสานงานในกิจการด้านการขนส่งซึ่งเป็นธุรกิจขนาดเล็ก โดยดำเนินธุรกิจที่เป็นของตนเองหรือในนามของเจ้าของกิจการ : บริหารงาน ควบคุมงบประมาณบุคลากรและทรัพยากรให้เป็นไปอย่างมีประสิทธิภาพและบรรลุผลตามเป้าหมายหรือนโยบาย,1,NaT,NaT,None,None
