unit_code,major_code,submajor_code,group_code,unit_name,unit_name_eng,description,status,update_date,create_date,username,type_import
1110,1,11,111, ผู้บัญญัติกฎหมาย ,Legislators, ผู้ปฏิบัติงานอาชีพในหน่วยนี้ ได้แก่ ผู้ทำหน้าที่ในการดำเนินการออกกฎหมาย กฎ ระเบียบ ข้อบังคับ ประกาศต่าง ๆ ขึ้นใช้บังคับ แก้ไข เปลี่ยนแปลง ยกเลิกกฎหมาย กฎ ระเบียบ ข้อบังคับ ประกาศต่างๆ ที่มีอยู่แล้วภายใต้รัฐธรรมนูญ วางนโยบายทิศทางการบริหารราชการแผ่นดิน กำหนดหลักเกณฑ์และวิธีการเพื่อกำกับดูแลการบริหารราชการให้ดำเนินไปตามนโยบาย ให้คำปรึกษาแนะนำการบริหารงานของรัฐบาลหรือหน่วยงานของรัฐ กำกับดูแลผู้บริหารและเจ้าหน้าที่ของรัฐบาลให้ปฏิบัติงานลุล่วงตามนโยบายที่กำหนดไว้ ดูแลการบังคับใช้กฎหมายและการจัดองค์กรให้เป็นไปโดยเรียบร้อยตามเป้าหมาย ปฏิบัติหน้าที่การงานที่เกี่ยวข้องและควบคุมดูแลผู้ปฏิบัติงานอื่นๆ ,1,NaT,NaT,None,None
1120,1,11,112," ข้าราชการระดับอาวุโส, นักบริหารของหน่วยงานรัฐบาล ",Senior Government Officials, ผู้ปฏิบัติงานอาชีพในหน่วยนี้ ได้แก่ ผู้บริหารและดำเนินการให้เป็นไปตามนโยบายของรัฐบาลภายในขอบเขตของกฎหมาย กฎ และระเบียบข้อบังคับที่วางไว้ ปฏิบัติงานในหน้าที่ที่กำหนดไว้ในส่วนราชการ รัฐวิสาหกิจ หรือในหน่วยงานของรัฐอื่นๆ เช่น การคลัง การสาธารณสุข การศึกษา การแรงงาน เป็นต้น มีส่วนร่วมในการกำหนดนโยบายของรัฐบาลและสั่งการให้ส่วนราชการดำเนินการให้เป็นไปตามนโยบาย รวมถึงการเป็นผู้แทนของประเทศในการปฏิบัติงานในต่างแดน ปฏิบัติหน้าที่การงานที่เกี่ยวข้องและควบคุมดูแลผู้ปฏิบัติงานอื่นๆ,1,NaT,NaT,None,None
1130,1,11,113, ผู้นำท้องถิ่น / ชุมชน ,Traditional Chiefs and Heads of Villages, ผู้ปฏิบัติงานอาชีพในหน่วยนี้ ได้แก่ ผู้นำของสมาชิกในชุมชนท้องถิ่น ทำหน้าที่บริหารและพัฒนา ท้องถิ่น ให้ความร่วมมือกับทางราชการในการรักษาความสงบเรียบร้อย สุขภาพอนามัย การประกอบอาชีพของประชาชนในชุมชน เป็นตัวแทนในการแจ้งข่าวสารเกี่ยวกับกฎหมายหรือระเบียบของทางราชการ งานประเพณีและเรื่องอื่นๆ ให้แก่ชุมชนหรือหมู่บ้านได้รับทราบโดยทั่วกัน ปฏิบัติหน้าที่การงานที่เกี่ยวข้องและควบคุมดูแลผู้ปฏิบัติงานอื่น ๆ,1,NaT,NaT,None,None
1141,1,11,114, เจ้าหน้าที่บริหารพรรคการเมือง ,Senior officials of political, ผู้ปฏิบัติงานอาชีพในหน่วยนี้ ได้แก่ ผู้กำหนดนโยบาย กฎ ข้อบังคับและระเบียบ ต่าง ๆ ของพรรคการเมือง วางแผนและควบคุมการดำเนินงานให้บรรลุวัตถุประสงค์ เป้าหมายและนโยบายของพรรคการเมือง เป็นตัวแทนพรรคการเมือง ในการเจรจา ทำความตกลงกับองค์กรหรือบุคคลที่เกี่ยวข้อง วางแผนและรณรงค์เพื่อการเลือกตั้งผู้สมัครของพรรคการเมือง สรรหาและให้ความรู้แก่สมาชิกพรรคการเมือง เผยแพร่ ประชาสัมพันธ์ ข้อมูล ข่าวสารของพรรคการเมือง กำกับดูแล ปกครองบังคับบัญชาเจ้าหน้าที่ของพรรคการเมืองให้ปฏิบัติงานตามนโยบาย กฎ ระเบียบและข้อบังคับของพรรค ปฏิบัติหน้าที่การงานที่เกี่ยวข้องและควบคุมดูแลผู้ปฏิบัติงานอื่นๆ ,1,NaT,NaT,None,None
1142,1,11,114, ผู้บริหารองค์กรนายจ้าง องค์กรลูกจ้างและองค์กรที่มีผลประโยชน์ เชิงเศรษฐกิจอื่น ,Senior Officials of Employer, ผู้ปฏิบัติงานอาชีพในหน่วยนี้ ได้แก่ ผู้กำหนดนโยบาย กฎระเบียบและข้อบังคับของ องค์กร เป็นตัวแทนในการเจรจาต่อรองกับบุคคลหรือองค์กรอื่นๆ เพื่อผลประโยชน์ขององค์กร เผยแพร่ ข้อมูลข่าวสารขององค์กร วางแผน จัดระบบ เพื่อสรรหาและให้ความรู้แก่สมาชิกองค์กร กำกับ ดูแล ปกครองบังคับบัญชาเจ้าหน้าที่ขององค์กรให้ปฏิบัติงานตามนโยบาย กฎระเบียบ และข้อบังคับขององค์กร ปฏิบัติหน้าที่การงานที่เกี่ยวข้องและควบคุมดูแลผู้ปฏิบัติงานอื่นๆ,1,NaT,NaT,None,None
1143,1,11,114, ผู้บริหารองค์กรด้านมนุษยธรรมและองค์กรเฉพาะด้าน ,Senior Officials of Humanitarian and Other Special,ผู้ปฏิบัติงานอาชีพในหน่วยนี้ ได้แก่ ผู้ที่ทำหน้าที่กำหนดนโยบาย กฎ ระเบียบและ ข้อบังคับของ องค์กร เป็นตัวแทนในการเจรจาต่อรองกับองค์กรหรือบุคคล เพื่อประโยชน์ขององค์กร สมาชิกองค์กรหรือกลุ่ม เผยแพร่ประชาสัมพันธ์ข้อมูลข่าวสารขององค์กร วางแผนจัดระบบเพื่อสรรหาสมาชิกและให้ความรู้แก่สมาชิกขององค์กร กำกับ ดูแล ปกครองบังคับบัญชา เจ้าหน้าที่ขององค์กรให้ปฏิบัติงานตามนโยบาย กฎ และระเบียบขององค์กร ปฏิบัติหน้าที่การงาน ที่เกี่ยวข้องและควบคุมดูแลผู้ปฏิบัติงานอื่นๆ,1,NaT,NaT,None,None
1144,1,11,114, ผู้บริหารองค์กรที่ทำหน้าที่ตรวจสอบตามรัฐธรรมนูญ,, ผู้ปฏิบัติงานอาชีพในหน่วยนี้ ได้แก่ ผู้บริหารในองค์กรต่างๆ ที่ทำหน้าที่ตรวจสอบตามรัฐธรรมนูญ ควบคุม กำกับ ตรวจสอบและเสนอความเห็น ตลอดจนใช้มาตรการที่เหมาะสมตามที่กฎหมายให้อำนาจไว้เกี่ยวกับการเลือกตั้งสมาชิกสภาผู้แทนราษฎร สมาชิกวุฒิสภาและอื่น ๆ การปฏิบัติหน้าที่โดยมิชอบหรือละเลยการปฏิบัติหน้าที่ของข้าราชการ พนักงานหรือลูกจ้างของหน่วยราชการ หน่วยงานของรัฐ หรือรัฐวิสาหกิจ การละเมิดสิทธิมนุษยชน การตรวจเงินแผ่นดิน การป้องกันและ ปราบปรามการทุจริตต่อหน้าที่ราชการและ หน้าที่อื่นๆ ตามที่กฎหมายบัญญัติ,1,NaT,NaT,None,None
1150,1,11,115, เจ้าหน้าที่ของรัฐ,, ผู้ปฏิบัติงานอาชีพในหน่วยนี้ ได้แก่ ผู้ที่ดำเนินการตามลักษณะงานในหน่วยงานของรัฐประเภทต่าง ๆ ให้เป็นไปตามวัตถุประสงค์ เป้าหมายของหน่วยงาน / องค์กร และนโยบายของ รัฐบาล ปฏิบัติงานตามภารกิจที่ได้รับมอบหมายภายใต้ กฎ ระเบียบ ข้อบังคับ และกฎหมาย เพื่อรักษาผลประโยชน์ของส่วนรวม รวมทั้งอำนวยความสะดวก และให้บริการประชาชน ปฏิบัติหน้าที่ การงานที่เกี่ยวข้องและควบคุมดูแลผู้ปฏิบัติงานอื่น ๆ ,1,NaT,NaT,None,None
1210,1,12,121, กรรมการและผู้บริหารระดับสูง ; กรรมการและผู้จัดการใหญ่ ; กรรมการบริหาร ,Directors and Chief Executives, ผู้ปฏิบัติงานอาชีพในหน่วยนี้ ได้แก่ ผู้ที่ทำหน้าที่เป็นผู้บริหารของบริษัทหรือองค์กร (ยกเว้นองค์กรที่มีผลประโยชน์เฉพาะอย่าง) ที่มีกรรมการผู้จัดการอย่างน้อย 2 คน เป็นที่ปรึกษาและช่วยเหลือในการตัดสินใจและกำหนดนโยบายของบริษัทหรือองค์กร วางแผน ประสานงานและควบคุมดูแลการปฏิบัติงานของเจ้าหน้าที่ในองค์กร ปรึกษาหารือกับกรรมการผู้จัดการเพื่อร่วมกันกำหนดนโยบายเฉพาะกิจ เป็นตัวแทนของบริษัทหรือองค์กรในการเจรจาตกลงทางธุรกิจกับหน่วยงานภายนอก รัฐบาล หรือผู้บริหารหน่วยงานต่างๆ ปฏิบัติหน้าที่การงานและควบคุมดูแลผู้ปฏิบัติงานที่เกี่ยวข้อง,1,NaT,NaT,None,None
1221,1,12,122, ผู้จัดการฝ่ายผลิตและปฏิบัติการด้านเกษตรกรรม การล่าสัตว์ การป่าไม้ และการประมง,Production and Operations Department Managers in Agriculture,"(Production and Operations Department Managers in Agriculture, Hunting, Forestry and Fishing)",1,NaT,NaT,None,None
1222,1,12,122," ผู้จัดการฝ่ายผลิตและปฏิบัติการด้านการผลิต (ประเภท C ,D, E) ",Production and Operations Department Managers in Manufacturing, ผู้ปฏิบัติงานอาชีพในหน่วยนี้ ได้แก่ ผู้ปฏิบัติงานหลักทั่วไปเช่นเดียวกับที่กำหนดไว้ใน ผู้จัดการฝ่ายผลิต (122) แต่เป็นการวางแผน กำกับดูแลและประสานงานเกี่ยวกับการผลิตสินค้าการสกัดแร่ธาตุจากใต้ดินหรือบนดิน การทำเหมืองหิน การผลิตและจัดสรรไฟฟ้า ก๊าซและน้ำ อาจมีชื่อเรียกตามประเภทสินค้าที่ผลิต เช่น ผู้จัดการฝ่ายผลิตด้านการผลิตอาหาร และสินค้าต่าง ๆ ผู้จัดการฝ่ายผลิตด้านเหมืองแร่ ด้านไฟฟ้าและการประปา,1,NaT,NaT,None,None
1223,1,12,122, ผู้จัดการฝ่ายผลิตและปฏิบัติการด้านการก่อสร้าง (ประเภท F ,Production and Operations Department Managers in Construction, ผู้ปฏิบัติงานอาชีพในหน่วยนี้ ได้แก่ ผู้ที่ปฏิบัติงานหลักทั่วไป เช่นเดียวกับที่กำหนดไว้ในผู้จัดการฝ่ายผลิต (122) แต่เป็นการวางแผน กำกับ ดูแลและประสานงานในกิจกรรมต่างๆ ที่เกี่ยวกับ,1,NaT,NaT,None,None
1224,1,12,122, ผู้จัดการฝ่ายผลิตและปฏิบัติการด้านการค้าส่งและค้าปลีก ,Production and Operations Department Managers in Wholesale and Retail Trade, ผู้ปฏิบัติงานอาชีพในหน่วยนี้ ได้แก่ ผู้ที่ทำหน้าที่วางแผน กำกับดูแลและประสานงานในกิจกรรมซึ่งเกี่ยวข้องกับการค้าของหน่วยงาน ภายใต้การแนะนำของผู้อำนวยการและผู้บริหารระดับสูง : กำหนดขั้นตอนการบริหารจัดการและการปฏิบัติงาน ควบคุมดูแลค่าใช้จ่ายและการใช้ทรัพยากรอย่างมีประสิทธิภาพ โดยดำเนินการให้บรรลุผลตามโควตาการค้า ตรวจสอบระบบความปลอดภัยในการทำงาน การสรรหาบุคลากร การฝึกอบรม และการปฏิบัติงานของพนักงาน เป็นผู้แทนของหน่วยงานในการทำธุรกิจการค้ากับองค์กรอื่นๆ ตลอดจนปฏิบัติหน้าที่การงานที่เกี่ยวข้อง และควบคุมดูแลผู้ปฏิบัติงานอื่นๆ,1,NaT,NaT,None,None
1225,1,12,122, ผู้จัดการฝ่ายผลิตและปฏิบัติการด้านภัตตาคารและโรงแรม ,Production and Operations Department Managers in Restaurants and Hotels, ผู้ปฏิบัติงานอาชีพในหน่วยนี้ ได้แก่ ผู้ทำหน้าที่วางแผน กำกับดูแลและประสานการดำเนินกิจกรรมต่างๆ ในสถานประกอบการ ซึ่งเกี่ยวกับการจัดหาที่พัก อาหารและเครื่องดื่ม และบริการอื่น ๆ ที่เกี่ยวข้องตามนโยบายและแนวทางของกรรมการบริหาร โดยมีการปรึกษาหารือกับ ผู้จัดการฝ่ายหรือส่วนงานอื่น ควบคุมแผนงานและการใช้ทรัพยากรอย่างมีประสิทธิภาพ กำกับ ดูแลการปฏิบัติงานประจำวัน ควบคุมค่าใช้จ่ายต่าง ๆ กำหนดและกำกับดูแลกระบวนการในงานบริหารและปฏิบัติการ ดูแลความปลอดภัยในการทำงาน ดูแลการคัดเลือกฝึกอบรมและการปฏิบัติงานของ เจ้าหน้าที่ เป็นตัวแทนของฝ่ายในการติดต่อเจรจากับส่วนงานอื่นในองค์กรหรือกับหน่วยงานภายนอก ปฏิบัติงานต่าง ๆ ที่เกี่ยวข้องและควบคุมดูแลผู้ปฏิบัติงานอื่นๆ,1,NaT,NaT,None,None
1226,1,12,122, ผู้จัดการฝ่ายผลิตและปฏิบัติการด้านการขนส่ง การสื่อสารและคมนาคม (ประเภท I,Production and Operations Department Managers in Transport, ผู้ปฏิบัติงานอาชีพในหน่วยนี้ ได้แก่ ผู้ทำหน้าที่วางแผน กำกับดูแลและประสานการดำเนินกิจกรรมต่างๆ ในกิจการที่เกี่ยวข้องกับการจัดหาบริการทางด้านการขนส่ง การเก็บสินค้า การ สื่อสารและคมนาคม และบริการอื่น ๆ ที่เกี่ยวข้องตามนโยบายและแนวทางของกรรมการบริหาร โดยมีการปรึกษาหารือกับผู้จัดการฝ่ายหรือส่วนงานอื่น ควบคุมแผนงานและการใช้ทรัพยากรอย่างมีประสิทธิภาพ กำกับ ดูแลการปฏิบัติงานประจำวัน ควบคุมค่าใช้จ่ายต่าง ๆ กำหนดและกำกับดูแลกระบวนการในงานบริหารและปฏิบัติการ ดูแลความปลอดภัยในการทำงาน ดูแลการคัดเลือกฝึกอบรมและการปฏิบัติงานของเจ้าหน้าที่ เป็นตัวแทนของฝ่ายในการติดต่อเจรจากับส่วนงานอื่นในองค์กรหรือกับหน่วยงานภายนอก ปฏิบัติงานต่าง ๆ ที่เกี่ยวข้องและควบคุมดูแลผู้ปฏิบัติงานอื่นๆ,1,NaT,NaT,None,None
1227,1,12,122," ผู้จัดการฝ่ายผลิตและปฏิบัติการด้านบริการธุรกิจ (ประเภท J , K) ",Production and Operations Department Managers in Business Services, ผู้ปฏิบัติงานอาชีพในหน่วยนี้ ได้แก่ ผู้ที่ทำหน้าที่วางแผน กำกับดูแลและประสานงานในกิจกรรมซึ่งเกี่ยวข้องกับการจัดหาบริการทางธุรกิจจากแหล่งต่างๆ ภายนอกกิจการภายใต้การแนะนำของผู้อำนวยการและผู้บริหารระดับสูง : บริหารงานด้านการจัดหาการบริการทางธุรกิจ เช่น การธนาคาร การประกันภัย อสังหาริมทรัพย์ การประมวลผลข้อมูล งานวิจัยตลาด งานบัญชี สถาปัตยกรรม วิศวกรรม การทำความสะอาดอาคาร การทดสอบและวิเคราะห์ทางเทคนิคการโฆษณา หรือการบรรจุภัณฑ์ ควบคุมดูแลค่าใช้จ่าย การใช้ทรัพยากร กระบวนการบริหารและการปฏิบัติงานประจำวัน ตรวจตราการใช้ระบบความปลอดภัยในการทำงาน การสรรหาบุคลากร การฝึกอบรม และการปฏิบัติงานของพนักงาน เป็นผู้แทนของหน่วยงานในการตกลงทำธุรกิจกับองค์กรอื่นๆ ตลอดจนปฏิบัติหน้าที่การงานที่เกี่ยวข้อง และควบคุมดูแลผู้ปฏิบัติงานอื่นๆ,1,NaT,NaT,None,None
1228,1,12,122," ผู้จัดการฝ่ายผลิตและปฏิบัติการด้านบริการส่วนบุคคล การทำความสะอาดและบริการที่เกี่ยวข้อง (ประเภท O 90/93 , P) ",Production and Operations Department Managers in Personal Care, ผู้ปฏิบัติงานอาชีพในหน่วยนี้ ได้แก่ ผู้ที่ปฏิบัติงานหลักทั่วไปเช่นเดียวกับที่กำหนดไว้ในผู้จัดการฝ่ายผลิต (122) แต่เป็นการวางแผน กำกับดูแลและประสานงานกิจกรรมต่างๆ ในกิจการที่เกี่ยวข้องกับการบริการทางด้านบริการส่วนบุคคลและงานด้านความสะอาดและบริการอื่น ๆ ที่เกี่ยวข้อง,1,NaT,NaT,None,None
1229,1,12,122," ผู้จัดการฝ่ายผลิตและปฏิบัติการ ซึ่งมิได้จัดประเภทไว้ในที่อื่น (ประเภท L ยกเว้น 7522 , M, N, O : 92 ,Q) ",Production and Operations Department Managers Not Elsewhere Classified, ผู้ปฏิบัติงานอาชีพในหน่วยนี้ ได้แก่ ผู้จัดการฝ่ายผลิตและปฏิบัติการซึ่งมิได้จัดประเภทไว้ในที่อื่น ทำหน้าที่วางแผน กำกับ ดูแล และประสานงานในกิจกรรมต่างๆ ของบริษัทหรือองค์กรเกี่ยวกับงานด้านการบริหารงานของรัฐ ด้านการบริหารงานต่างประเทศ ด้านความเป็นระเบียบและความปลอดภัยของสาธารณชน ด้านการประกันสังคม ด้านการศึกษาของรัฐหรือเอกชน ด้านสุขอนามัยและสังคม ด้านการสันทนาการ วัฒนธรรมและการกีฬา รวมถึงงานด้านอื่นๆ ของหน่วยงานอิสระ ปฏิบัติหน้าที่การงานและควบคุมดูแลผู้ปฏิบัติงานที่เกี่ยวข้อง,1,NaT,NaT,None,None
1231,1,12,123, ผู้จัดการฝ่ายการเงินและบริหาร ,Finance and Administration Department Managers, ผู้ปฏิบัติงานอาชีพในหน่วยนี้ ได้แก่ ผู้ทำงานด้านการวางแผน กำกับดูแลและประสานงานที่เกี่ยวกับการบริหารงานภายใน และการดำเนินงานด้านการเงินขององค์การ ประเมินสถานะทางการเงิน จัดเตรียมงบประมาณ ควบคุมการใช้จ่าย และการใช้ทรัพยากรได้อย่างมีประสิทธิภาพ เป็น ผู้แทนของฝ่ายในการประสานงานการบริหารและการเงินกับหน่วยงานอื่นๆ ภายในองค์การหรือกับหน่วยงานภายนอก ตลอดจนปฏิบัติหน้าที่การงานที่เกี่ยวข้องและควบคุมดูแลผู้ปฏิบัติงานอื่นๆ,1,NaT,NaT,None,None
1232,1,12,123, ผู้จัดการฝ่ายบุคคลและอุตสาหกรรมสัมพันธ์ ,Personnel and Industrial Relations Department Managers, ผู้ปฏิบัติงานอาชีพในหน่วยนี้ ได้แก่ ผู้ที่วางแผน จัดระบบขั้นตอนการสรรหา บุคลากร การฝึกอบรมและการเลื่อนขั้น กำหนดนโยบายโครงสร้างเงินเดือน ค่าจ้างหรือค่าตอบแทน ประสานงานและปรึกษาหารือกับฝ่ายลูกจ้างและนายจ้าง ควบคุมดูแลงานความปลอดภัย ตลอดจนปฏิบัติหน้าที่การงานที่เกี่ยวข้องและควบคุมดูแลผู้ปฏิบัติงานอื่นๆ,1,NaT,NaT,None,None
1233,1,12,123, ผู้จัดการฝ่ายขายและการตลาด ,Sales and Marketing Department Managers, ผู้ปฏิบัติงานอาชีพในหน่วยนี้ ได้แก่ ผู้ที่ทำหน้าที่วางแผน กำกับดูแล และประสานงานด้านการขายและการตลาดของหน่วยงาน ภายใต้การแนะนำของผู้อำนวยการและผู้บริหารระดับสูง : จัดแผนงานด้านการขายและการตลาดโดยยึดตามบันทึกการขาย ประเมินผลทางการตลาด และนโยบายตลาด ตัดสินใจเกี่ยวกับวิธีการขาย รายการราคาสินค้า เงื่อนไขการลดราคา และการส่งมอบสินค้า งบประมาณด้านส่งเสริมการขาย การสร้างสิ่งจูงใจและการรณรงค์ด้านการขายในกรณีพิเศษ กำหนดแผนผังในการจัดเรียงสินค้า (lay out) ควบคุมค่าใช้จ่ายและการใช้ทรัพยากรอย่างมีประสิทธิภาพ กำหนดขั้นตอนการบริหารจัดการ การสรรหาบุคลากร การฝึกอบรม และการปฏิบัติงานของพนักงาน เป็นผู้แทนของหน่วยงานในการทำธุรกิจการค้ากับองค์กรอื่นๆ ตลอดจนปฏิบัติหน้าที่การงานที่เกี่ยวข้อง และ ควบคุมดูแลผู้ปฏิบัติงานอื่นๆ,1,NaT,NaT,None,None
1234,1,12,123, ผู้จัดการฝ่ายโฆษณาและประชาสัมพันธ์ ,Advertising and Public Relations Department Managers, ผู้ปฏิบัติงานอาชีพในหน่วยนี้ ได้แก่ ผู้ที่วางแผน กำกับดูแลและประสานงานด้านโฆษณาและประชาสัมพันธ์ของหน่วยงาน ภายใต้การแนะนำของผู้อำนวยการและผู้บริหารระดับสูง บริหารงานด้านการเผยแพร่ข้อมูลข่าวสารต่อผู้เกี่ยวข้อง สื่อมวลชนและสาธารณชนทั่วไป ดำเนินการเจรจาในการทำสัญญาโฆษณากับสื่อต่างๆ เช่น หนังสือพิมพ์ สถานีวิทยุและโทรทัศน์ องค์กรด้านการกีฬา วัฒนธรรมและตัวแทนโฆษณาต่างๆ ควบคุมค่าใช้จ่ายและการใช้ทรัพยากร กำหนดขั้นตอนการบริหารจัดการและการปฏิบัติการสรรหาบุคลากร การฝึกอบรม และการปฏิบัติงานของพนักงาน เป็นผู้แทนของหน่วยงานในการทำธุรกิจการค้ากับองค์กรอื่นๆ ตลอดจนปฏิบัติหน้าที่การงานที่เกี่ยวข้อง และควบคุมดูแลผู้ปฏิบัติงานอื่นๆ ,1,NaT,NaT,None,None
1235,1,12,123, ผู้จัดการฝ่ายจัดหาและจำหน่ายสินค้า ,Supply and Distribution Department Managers, ผู้ปฏิบัติงานอาชีพในหน่วยนี้ ได้แก่ ผู้ที่ทำหน้าที่วางแผน กำกับดูแลและประสานงานเกี่ยวกับการจัดหา การจัดเก็บ และการจ่ายสินค้าของหน่วยงาน ภายใต้การแนะนำของผู้อำนวยการและ ผู้บริหารระดับสูงโดยประสานงานกับหน่วยงานฝ่ายขาย : เจรจาและทำสัญญาซื้อขายตกลงราคาตามความเหมาะสม วางระบบการควบคุมรายการสินค้าคงคลัง ควบคุมค่าใช้จ่ายและการใช้ทรัพยากร ติดตามความเคลื่อนไหวของราคาสินค้า กำหนดขั้นตอนการบริหารจัดการและการปฏิบัติงาน ตรวจสอบการสรรหาบุคลากร การฝึกอบรม และการปฏิบัติงานของพนักงาน ตลอดจนปฏิบัติหน้าที่การงานที่ เกี่ยวข้องและควบคุมดูแลผู้ปฏิบัติงานอื่นๆ,1,NaT,NaT,None,None
1236,1,12,123, ผู้จัดการฝ่ายบริการงานด้านคำนวณ ,Computing Services Department Managers,ผู้ปฏิบัติงานอาชีพในหน่วยนี้ ได้แก่ ผู้ที่กำกับดูแลและประสานงานบริการด้านการคำนวณของบริษัทหรือองค์กร ติดตั้ง และบำรุงรักษาอุปกรณ์การคำนวณและซอฟแวร์ จัดซื้อจัดหาบริการด้านการคำนวณจากภายนอก วางแผนเกี่ยวกับนโยบายด้านการประมวลผลข้อมูลทั้งหมดของบริษัทหรือองค์กร ตลอดจนปฏิบัติหน้าที่การงานที่เกี่ยวข้องและควบคุมดูแลผู้ปฏิบัติงานอื่นๆ,1,NaT,NaT,None,None
1237,1,12,123, ผู้จัดการฝ่ายวิจัยและพัฒนา ,Research and Development Department Managers, ผู้ปฏิบัติงานอาชีพในหน่วยนี้ ได้แก่ ผู้ที่ทำหน้าที่วางแผน กำกับดูแลและประสานงานเกี่ยวกับการวิจัยและพัฒนาของหน่วยงานภายใต้การแนะนำของผู้อำนวยการและผู้บริหารระดับสูง : ทำการวิจัยและพัฒนาภายในหน่วยงานหรือได้รับมอบหมายจากองค์กรด้านวิจัยจากภายนอกเพื่อพัฒนาหรือ ปรับปรุงกระบวนการทางด้านเทคนิคใหม่ๆ พัฒนาผลิตภัณฑ์หรือวิธีการใช้วัตถุดิบให้เป็นประโยชน์แก่หน่วยงาน วางแผนจัดทำโครงการวิจัยและพัฒนาโดยรวมของหน่วยงาน โดยกำหนดเป้าหมายและ งบประมาณที่จะนำมาใช้ ควบคุมค่าใช้จ่ายและการใช้ทรัพยากร กำหนดขั้นตอนการบริหารจัดการและการปฏิบัติงาน รวมทั้งการสรรหาบุคลากร การฝึกอบรม และการปฏิบัติงานของพนักงาน ตลอดจนเป็น ผู้แทนของหน่วยงานในการทำธุรกิจการกำกับองค์กรอื่นๆ ปฏิบัติหน้าที่การงานที่เกี่ยวข้องและควบคุม ดูแลผู้ปฏิบัติงานอื่นๆ,1,NaT,NaT,None,None
1238,1,12,123, ผู้จัดการฝ่ายเทคโนโลยีสารสนเทศ,, ผู้ปฏิบัติงานอาชีพในหน่วยนี้ ได้แก่ ผู้ควบคุม ประสานงาน สั่งการ ติดตาม ตรวจสอบ ประเมินผลและรับผิดชอบงานด้านเทคโนโลยีสารสนเทศในส่วนต่างๆ ตลอดจนเป็นผู้แทนของหน่วยงานในการทำธุรกิจ ปฏิบัติหน้าที่การงานที่เกี่ยวข้องและควบคุมดูแลผู้ปฏิบัติงานอื่น,1,NaT,NaT,None,None
1239,1,12,123, ผู้จัดการฝ่ายอื่น ๆ ซึ่งมิได้จัดประเภทไว้ในที่อื่น ,Other Department managers not elsewhere classified, ผู้ปฏิบัติงานอาชีพในหน่วยนี้ รวมถึง ผู้จัดการซึ่งมิได้จัดประเภทไว้ในที่อื่น ตัวอย่างเช่น ผู้เชี่ยวชาญงานบางสาขาหรือเชี่ยวชาญเฉพาะงานของสถานประกอบการอุตสาหกรรม พาณิชยกรรม เกษตรกรรม บริการ สาธารณูปโภค การขนส่ง หรือคมนาคมที่อยู่ในองค์การเอกชนหรือองค์การรัฐบาลหรือในหน่วยงานตั้งแต่หนึ่งหน่วยขึ้นไป เช่น การพาณิชย์ การเงิน การพิมพ์ การสาธารณูปโภค สวัสดิการ ทรัพย์สิน ที่อยู่อาศัย เป็นต้น,1,NaT,NaT,None,None
1311,1,13,131, ผู้จัดการทั่วไปด้านเกษตรกรรม การล่าสัตว์ การป่าไม้และการประมง ,General Managers in Agriculture, ผู้ปฏิบัติงานอาชีพในหน่วยนี้ ได้แก่ ผู้ที่ทำหน้าที่บริหารงานในธุรกิจด้านการเพาะปลูกพืช เลี้ยงสัตว์ ล่าสัตว์ การป่าไม้ หรือการประมง โดยดำเนินงานธุรกิจที่เป็นของตนเองหรือในนามของ เจ้าของกิจการ : วางแผนและดำเนินงานตามนโยบาย จัดทำงบประมาณควบคุมการใช้ทรัพยากร การจ้างงานและการปฏิบัติงาน รวมทั้งรายงานผลการปฏิบัติงานต่อเจ้าของกิจการ ตลอดจนปฏิบัติหน้าที่การงานที่เกี่ยวข้องและควบคุมดูแลปฏิบัติงานอื่น ๆ ,1,NaT,NaT,None,None
1312,1,13,131," ผู้จัดการทั่วไปด้านการผลิต (ประเภท C , D , E) ",General Managers in Manufacturing, ผู้ปฏิบัติงานอาชีพในหน่วยนี้ ได้แก่ ผู้วางแผนและดำเนินการด้านการผลิตของธุรกิจในความรับผิดชอบให้บรรลุผลตามนโยบาย กำกับดูแลและประสานงานกับหน่วยงานที่เกี่ยวข้อง เช่น ฝ่ายพัสดุ ลูกค้าและองค์กรต่าง ๆ วางแผนและควบคุมการใช้งบประมาณ บุคลากร และทรัพยากรต่างๆ รายงานผลต่อเจ้าของกิจการ (ถ้ามี) ปฏิบัติงานที่เกี่ยวข้องและควบคุมผู้ปฏิบัติงานอื่น,1,NaT,NaT,None,None
1313,1,13,131, ผู้จัดการทั่วไปด้านการก่อสร้าง (ประเภท F) ,General Managers in Construction, ผู้ปฏิบัติงานอาชีพในหน่วยนี้ ได้แก่ ผู้วางแผนและดำเนินการด้านธุรกิจก่อสร้างให้บรรลุผลตามนโยบาย กำกับดูแล และประสานงานกับหน่วยงานที่เกี่ยวข้อง วางแผนและควบคุมการใช้งบประมาณ บุคลากรและทรัพยากรต่าง ๆ อย่างมีประสิทธิภาพ รายงานผลต่อเจ้าของกิจการ (ถ้ามี) ปฏิบัติงานที่เกี่ยวข้องและควบคุมผู้ปฏิบัติงานอื่น,1,NaT,NaT,None,None
1314,1,13,131, ผู้จัดการทั่วไปด้านค้าส่งและค้าปลีก ,General Managers in Wholesale and Retail Trade, ผู้ปฏิบัติงานอาชีพในหน่วยนี้ ได้แก่ ผู้ที่ทำหน้าที่บริหารงานธุรกิจขนาดเล็กด้าน การค้าส่งและการค้าปลีก โดยดำเนินงานธุรกิจที่เป็นของตนเอง หรือในนามของเจ้าของกิจการ : วางแผนและดำเนินงานตามนโยบาย จัดทำประมาณการงบประมาณ ควบคุมการใช้ทรัพยากร การจ้างงานและการปฏิบัติงาน เจรจาต่อรองการค้ากับผู้จัดหา ลูกค้า และองค์การอื่นๆ ตลอดจนปฏิบัติหน้าที่การงานที่ เกี่ยวข้องและควบคุมดูแลผู้ปฏิบัติงานอื่นๆ ,1,NaT,NaT,None,None
1315,1,13,131, ผู้จัดการทั่วไปด้านภัตตาคารและโรงแรม ,General Managers of Restaurants and Hotels,ผู้ปฏิบัติงานอาชีพในหน่วยนี้ ได้แก่ ผู้ที่ทำหน้าที่บริหารกิจการภัตตาคารและธุรกิจ โรงแรมขนาดย่อม ทั้งที่เป็นกิจการของตนเองหรือมีผู้อื่นเป็นเจ้าของ ทำหน้าที่วางแผน อำนวยการและประสานการดำเนินงานทางธุรกิจ โดยอาศัยความช่วยเหลือจากผู้จัดการอื่น ไม่มากกว่าหนึ่งคนและบุคคลอื่นที่ไม่ทำหน้าที่ด้านการจัดการอีกตามสมควร วางแผนและควบคุมการใช้นโยบาย จัดทำ งบประมาณ เจรจาต่อรองกับผู้จัดส่งสินค้า ลูกค้าและหน่วยงานอื่น วางแผนและควบคุมการใช้ทรัพยากรและการจ้างงาน จัดการการปฏิบัติงานประจำวัน รายงานผลการดำเนินงานต่อเจ้าของกิจการ (ถ้ามี) ปฏิบัติงานอื่นที่เกี่ยวข้อง และควบคุมกำกับผู้ปฏิบัติงานอื่นๆ,1,NaT,NaT,None,None
1316,1,13,131, ผู้จัดการทั่วไปด้านขนส่ง คมนาคมและสถานที่เก็บสินค้า (ประเภท I) ,General Managers in Transport, ผู้ปฏิบัติงานอาชีพในหน่วยนี้ ได้แก่ ผู้ดำเนินธุรกิจขนาดเล็กด้านการขนส่ง การ เก็บรักษา และการสื่อสารและคมนาคม วางแผน กำกับดูแลและประสานงานในกิจการธุรกิจต่างๆ ที่เกี่ยวข้องให้บรรลุผลตามนโยบาย วางแผนควบคุมงบประมาณ บุคลากรและทรัพยากรต่างๆ อย่างมีประสิทธิภาพ ควบคุมดูแลผู้ปฏิบัติงานอื่น ๆ,1,NaT,NaT,None,None
1317,1,13,131, ผู้จัดการทั่วไปด้านบริการทางธุรกิจ ,General manager of business services, ผู้ปฏิบัติงานอาชีพในหน่วยนี้ ได้แก่ ผู้ที่ทำหน้าที่ผู้นำทางธุรกิจขนาดเล็กด้านการจัดหาบริการทางธุรกิจต่างๆ โดยดำเนินงานธุรกิจที่เป็นของตนเองหรือในนามของเจ้าของกิจการ : วางแผน กำกับดูแล ประสานงานในกิจการเกี่ยวกับการบริการทางการเงิน บริการด้านอสังหาริมทรัพย์ การให้เช่า และบริการทางธุรกิจต่างๆ จัดทำประมาณการด้านงบประมาณ ควบคุมการใช้ทรัพยากร และรายงานผลการดำเนินงานต่อเจ้าของกิจการ ตลอดจนปฏิบัติหน้าที่การงานที่เกี่ยวข้องและควบคุมดูแล ผู้ปฏิบัติงานอื่นๆ ,1,NaT,NaT,None,None
1318,1,13,131," ผู้จัดการทั่วไปด้านบริการส่วนบุคคล การทำความสะอาดและบริการอื่น ๆ ที่เกี่ยวข้อง(ประเภท O: 90/93 , P) ",General Managers in Personal Care, ผู้ปฏิบัติงานอาชีพในหน่วยนี้ ได้แก่ ผู้ที่ดำเนินการเกี่ยวกับการบริการส่วนบุคคล การทำความสะอาดรวมทั้งบริการอื่นที่เกี่ยวข้อง วางแผนและดำเนินการและประสานงานกับหน่วยงาน ที่เกี่ยวข้อง วางแผนและควบคุมการใช้งบประมาณ บุคลากรและทรัพยากรต่างๆ ปฏิบัติงานที่เกี่ยวข้องและควบคุมดูแลผู้ปฏิบัติงานอื่น,1,NaT,NaT,None,None
1319,1,13,131," ผู้จัดการทั่วไปซึ่งมิได้จัดประเภทไว้ในที่อื่น (ประเภท M, N, 0:92 , Q) ",General Managers Not Elsewhere Classified,ผู้ปฏิบัติงานอาชีพในหน่วยนี้ ได้แก่ ผู้ที่ทำหน้าที่บริหารจัดการธุรกิจขนาดเล็ก ในด้าน การศึกษา สุขอนามัย สันทนาการ วัฒนธรรม กีฬาต่างๆ การผลิตภาพยนตร์ ตัวแทนธุรกิจ ท่องเที่ยว หรือด้านอื่นๆ ทั้งที่เป็นกิจการของตนเองหรือของนายจ้าง ทำหน้าที่วางแผน อำนวยการและประสานการดำเนินงานทางธุรกิจ โดยมีบุคคลที่ทำหน้าที่ด้านการจัดการเป็นผู้ช่วยไม่มากกว่า 1 คน และบุคคลอื่นที่ไม่ทำหน้าที่ด้านการจัดการอีกตามสมควร วางแผนและควบคุมการใช้นโยบาย จัดทำงบประมาณ เจรจาต่อรองทางธุรกิจ วางแผนและควบคุมการใช้ทรัพยากรและการจ้างงาน จัดการการปฏิบัติงานประจำวัน รายงานผลการดำเนินงานต่อเจ้าของกิจการ (ถ้ามี) ปฏิบัติงานอื่นที่เกี่ยวข้องและควบคุมดูแลผู้ปฏิบัติงานอื่น,1,NaT,NaT,None,None
2111,2,21,211, นักฟิสิกส์และนักดาราศาสตร์ ,Physicists and Astronomers, ผู้ปฏิบัติงานอาชีพในหน่วยนี้ ได้แก่ ผู้ทำงานเกี่ยวกับการสอน วิจัย ปรับปรุงหรือพัฒนาแนวความคิด ทฤษฎีและวิธีการปฏิบัติงานทางด้านฟิสิกส์และดาราศาสตร์ ทำการทดลอง ทดสอบ วิเคราะห์ในสาขาวิชาชีพต่างๆ เช่น กลศาสตร์ เทอร์โมไดนามิกส์ ความร้อน แสง เสียง ไฟฟ้า แม่เหล็ก อิเล็กทรอนิกส์ และนิวเคลียร์ฟิสิกส์ ประเมินผลการทดลอง การสำรวจ และแสดงผลโดยใช้เทคนิค หลักการทางฟิสิกส์และแบบจำลองทางคณิตศาสตร์ สังเกตการณ์ วิเคราะห์ และอธิบายปรากฏการณ์บนท้องฟ้า โดยใช้หลักการทางฟิสิกส์และดาราศาสตร์ และพัฒนาวิธีการและเทคนิคต่างๆในการสำรวจอวกาศ พัฒนาและปรับปรุงการใช้หลักการและเทคนิคทางฟิสิกส์และดาราศาสตร์เพื่อนำมาใช้ในงานอุตสาหกรรม การแพทย์ การทหารและงานด้านอื่น ๆ จัดเตรียมเอกสารและรายงานทางวิทยาศาสตร์ ตลอดจนปฏิบัติหน้าที่การงานที่เกี่ยวข้องและควบคุมดูแลผู้ปฏิบัติงานอื่นๆ,1,NaT,NaT,None,None
2112,2,21,211, นักอุตุนิยมวิทยา ,Meteorologists,ผู้ปฏิบัติงานอาชีพในหน่วยนี้ ได้แก่ ผู้ที่ทำงานด้านวิจัย ปรับปรุงหรือพัฒนาแนวคิดทฤษฎีและวิธีปฏิบัติงานเกี่ยวกับองค์ประกอบ โครงสร้างและระบบการเคลื่อนที่ของชั้นบรรยากาศ ตรวจสอบทิศทาง ความเร็วในการเคลื่อนตัวของอากาศ ความดัน อุณหภูมิ ความชื้น การก่อตัวของเมฆ การรวมตัวของไอน้ำในอากาศ การรบกวนจากกระแสไฟฟ้าหรือการแผ่คลื่นความร้อนของ ดวงอาทิตย์ ทำการทดลองเกี่ยวกับการแพร่กระจายของหมอก การทำฝนและควบคุมสภาพอากาศประเภทอื่นๆ จัดเตรียมแผนที่อากาศและการพยากรณ์อากาศเพื่อใช้ในงานเกี่ยวกับการบิน การเดินเรือ การเกษตรกรรม และงานอื่น ๆ และเพื่อใช้เสนอข้อมูลสู่สาธารณชน ตลอดจนปฏิบัติหน้าที่การงานที่เกี่ยวข้อง และควบคุมดูแลผู้ปฏิบัติงานอื่น ๆ,1,NaT,NaT,None,None
2113,2,21,211, นักเคมี ,Chemists, ผู้ปฏิบัติงานอาชีพในหน่วยนี้ ได้แก่ ผู้ทำงานเกี่ยวกับการวิจัย ปรับปรุงหรือพัฒนาแนวความคิด ทฤษฎี และวิธีปฎิบัติงานที่เกี่ยวข้องกับแขนงวิชาเคมี ทำการทดลอง ทดสอบ วิเคราะห์เพื่อค้นหาองค์ประกอบทางเคมี พลังงาน และการเปลี่ยนแปลงทางเคมีของสสาร วัสดุและผลิตภัณฑ์ต่างๆ ทางธรรมชาติหรือที่ประดิษฐ์หรือสังเคราะห์ขึ้น ประเมินผลการศึกษา ค้นคว้า การทดลอง เพื่อให้ได้ข้อสรุป พัฒนาปรับปรุงกระบวนการและผลิตภัณฑ์ทางเภสัชกรรม วัสดุและผลิตภัณฑ์ทาง อุตสาหกรรม รวมทั้งขั้นตอนการควบคุมคุณภาพ จัดเตรียมเอกสารและรายงานทางวิทยาศาสตร์ ตลอดจนปฏิบัติหน้าที่การงานที่เกี่ยวข้องและควบคุมดูแลผู้ปฏิบัติงานอื่นๆ,1,NaT,NaT,None,None
2114,2,21,211, นักธรณีวิทยาและนักธรณีฟิสิกส์ ,Geologists and Geophysicists,ผู้ปฏิบัติงานอาชีพในหน่วยนี้ ได้แก่ ผู้ทำงานเกี่ยวกับงานสำรวจ วิจัย ปรับปรุง หรือพัฒนาแนวคิด ทฤษฎี วิธีการปฏิบัติงาน หรือประยุกต์ใช้ความรู้ทางวิทยาศาสตร์ ที่เกี่ยวข้องกับแขนงวิชาธรณีวิทยา ซึ่งเป็นการศึกษาองค์ประกอบ โครงสร้างของเปลือกโลก เพื่อค้นหากระบวนการวิวัฒนาการของโลก ร่องรอยวิวัฒนาการของสิ่งมีชีวิตในอดีต ค้นหาและวินิจฉัยเกี่ยวกับทรัพยากรหินแร่ และไฮโดรคาร์บอน ประยุกต์ใช้ความรู้ทางธรณีวิทยาในการสำรวจธรณีวิทยาด้านอื่นๆ ตลอดจนปฏิบัติหน้าที่การงานที่เกี่ยวข้อง และควบคุมดูแลผู้ปฏิบัติงานอื่นๆ,1,NaT,NaT,None,None
2121,2,21,212, นักคณิตศาสตร์และผู้ประกอบวิชาชีพที่เกี่ยวข้อง,Mathematicians and Related Professionals, ผู้ปฏิบัติงานอาชีพในหน่วยนี้ ได้แก่ ผู้ที่ทำงานเกี่ยวกับการศึกษา วิเคราะห์ วิจัย ปรับปรุง หรือพัฒนาแนวคิด ทฤษฎี วิธีการและเทคนิคต่างๆ ทางคณิตศาสตร์และทางคณิตศาสตร์ประกันภัย ให้คำแนะนำหรือประยุกต์ใช้ความรู้และเทคนิคในการแก้ไขปัญหาและการปฏิบัติงานในศาสตร์ด้านต่าง ๆ เช่น สังคมศาสตร์ วิทยาศาสตร์กายภาพ วิทยาศาสตร์ชีวภาพ วิทยาศาสตร์การแพทย์ เป็นต้น ตลอดจนปฏิบัติหน้าที่การงานที่เกี่ยวข้อง และควบคุมดูแลผู้ปฏิบัติงานอื่น ๆ,1,NaT,NaT,None,None
2122,2,21,212, นักสถิติ ,Statisticians, ผู้ปฏิบัติงานอาชีพในหน่วยนี้ ได้แก่ ผู้ทำงานเกี่ยวกับการศึกษา วิเคราะห์ วิจัย ปรับปรุงหรือพัฒนาแนวคิด ทฤษฎี วิธีการและเทคนิคในการปฏิบัติงานที่เกี่ยวข้องกับคณิตศาสตร์และสถิติ วางแผนการรวบรวมข้อมูลทางสถิติ การวิเคราะห์และแปลค่าข้อมูลทางสถิติและเผยแพร่สู่สาธารณชน พัฒนาระเบียบวิธีการทางสถิติ นำวิธีการเก็บข้อมูลต่าง ๆ และเทคนิควิธีการทางสถิติไปประยุกต์ใช้ในการปฏิบัติงานในศาสตร์ด้านต่าง ๆ เช่น สังคมศาสตร์ วิทยาศาสตร์กายภาพ วิทยาศาสตร์ชีวภาพ วิทยาศาสตร์การแพทย์ เป็นต้น ตลอดจนปฏิบัติหน้าที่การงานที่เกี่ยวข้อง และควบคุมดูแล ผู้ปฏิบัติงานอื่น ๆ ,1,NaT,NaT,None,None
2131,2,21,213, นักออกแบบและวิเคราะห์ระบบงานคอมพิวเตอร์,Computer Systems Designers and Analysts, ผู้ปฏิบัติงานอาชีพในหน่วยนี้ ได้แก่ ผู้ที่ทำการวิจัย ปรับปรุง พัฒนาแนวคิดและวิธีการปฏิบัติเกี่ยวกับงานคอมพิวเตอร์ วิเคราะห์ วางแผนและออกแบบระบบงานด้านคอมพิวเตอร์ รวมทั้งเทคนิคต่างๆ ที่เกี่ยวข้องกับระบบการจัดการฐานข้อมูล การประมวลผลข้อมูล การจัดทำเครือข่ายการพัฒนาและทำโปรแกรมซอฟต์แวร์ต่าง ๆ การบำรุงรักษาฮาร์ดแวร์ และซอฟต์แวร์ ตลอดจนปฏิบัติหน้าที่การงานที่เกี่ยวข้องและควบคุมดูแลผู้ปฏิบัติงานอื่นๆ ,1,NaT,NaT,None,None
2132,2,21,213, โปรแกรมเมอร์ ,Computer Programmers, ผู้ปฏิบัติงานอาชีพในหน่วยนี้ ได้แก่ ผู้ที่ทำหน้าที่เขียนโปรแกรมคอมพิวเตอร์ตามความต้องการของผู้ใช้หรือตามคำแนะนำและข้อกำหนดของนักออกแบบและวิเคราะห์ระบบงานคอมพิวเตอร์ ทดสอบและบำรุงรักษาโปรแกรมคอมพิวเตอร์ เขียนและจัดทำเอกสารประกอบการใช้โปรแกรม เช่น รหัสเครื่อง ภาษาเครื่องที่จำเป็น รวมทั้งการจัดทำโปรแกรมทดสอบเพื่อแก้ไข ข้อผิดพลาด ตลอดจนปฏิบัติหน้าที่การงานที่เกี่ยวข้องและควบคุมดูแลผู้ปฏิบัติงานอื่น ๆ,1,NaT,NaT,None,None
2139,2,21,213, ผู้ประกอบวิชาชีพด้านคอมพิวเตอร์ที่มิได้จัดประเภทไว้ในที่อื่น,Computing Professionals Not Elsewhere Classified, ผู้ประกอบวิชาชีพด้านคอมพิวเตอร์ที่มิได้จัดอยู่ในกลุ่มใด เป็นผู้ที่มีความรู้ทั่วไปทั้งด้านฮาร์ดแวร์ และซอฟต์แวร์คอมพิวเตอร์ ออกแบบและดำเนินการด้านการประยุกต์ใช้ฮาร์ดแวร์และซอฟต์แวร์คอมพิวเตอร์,1,NaT,NaT,None,None
2141,2,21,214, สถาปนิก นักวางผังเมืองและระบบการจราจร,"Architects, Town and Traffic Planners", ผู้ปฏิบัติงานอาชีพในหน่วยนี้ ได้แก่ ผู้ทำการวิจัย ปรับปรุง พัฒนา และแนะนำทฤษฎีหรือวิธีการทางสถาปัตยกรรม ออกแบบอาคารที่พัก อาคารพาณิชย์และอุตสาหกรรม จัดวางผังเมือง ภูมิทัศน์ และวางระบบการจราจร วางแผนควบคุมและตรวจสอบงานก่อสร้างดังกล่าว รวมทั้งงานบำรุงรักษาและงานบูรณะ ตลอดจนปฏิบัติงานที่เกี่ยวข้องและควบคุมผู้ปฏิบัติงานอื่นๆ,1,NaT,NaT,None,None
2142,2,21,214, วิศวกรโยธา ,Civil Engineers, ผู้ปฏิบัติงานอาชีพในหน่วยนี้ ได้แก่ ผู้ออกแบบคำนวณ ควบคุม พิจารณาตรวจสอบ รวมทั้งให้คำปรึกษาในงานวิศวกรรมโยธา ออกแบบและคำนวณรายละเอียดในการก่อสร้างโดยแสดงเป็นรูปข้อกำหนดและประมาณการ ควบคุมการก่อสร้างหรืออำนวยการการก่อสร้างให้เป็นไปตามหลักวิชาการแบบรูปและข้อกำหนด พิจารณาตรวจสอบ ค้นคว้า วิเคราะห์ ทดสอบหาข้อมูลทางสถิติเพื่อใช้เป็นหลักเกณฑ์ประกอบการตรวจสอบวินิจฉัยงานในวิศวกรรมโยธา ให้คำปรึกษา เสนอแนะงานทางด้านการก่อสร้าง ประสานงานด้านเทคนิคและปรึกษากับผู้เชี่ยวชาญพิเศษที่เกี่ยวข้อง จัดทำเอกสารและรายงานอย่างเป็นระบบ ตลอดจนปฏิบัติหน้าที่การงานที่เกี่ยวข้องและควบคุมดูแลผู้ปฏิบัติงานอื่นๆ ,1,NaT,NaT,None,None
2143,2,21,214, วิศวกรไฟฟ้า ,Electrical Engineers,ผู้ปฏิบัติงานอาชีพในหน่วยนี้ได้แก่ ผู้ออกแบบและคำนวณอุปกรณ์ไฟฟ้า ควบคุมการสร้าง พิจารณาตรวจสอบ วางโครงการ อำนวยการติดตั้ง อำนวยการซ่อม อำนวยการการใช้ ให้คำปรึกษาระบบไฟฟ้ากำลัง ระบบไฟฟ้าแสงสว่าง มอเตอร์ไฟฟ้า อุปกรณ์ไฟฟ้าแบบต่าง ๆ ดูแลการทำงานของเครื่องอุปกรณ์ และบำรุงรักษาซ่อมแซม ศึกษาและให้คำแนะนำเกี่ยวกับเทคโนโลยีที่เหมาะสมของวัสดุ ผลิตภัณฑ์ รวมทั้งการวางมาตรฐานและขั้นตอนการควบคุมให้ระบบทำงานได้อย่างถูกต้อง เพื่อความปลอดภัยของผู้ใช้และเกิดประสิทธิภาพแก่ระบบนั้น ๆ ประสานงานด้านเทคนิคและปรึกษากับผู้เชี่ยวชาญพิเศษที่เกี่ยวข้อง จัดทำเอกสารและรายงานอย่างเป็นระบบ ตลอดจนปฏิบัติหน้าที่การงานที่เกี่ยวข้องและควบคุมดูแลผู้ปฏิบัติงานอื่น ๆ ,1,NaT,NaT,None,None
2144,2,21,214, วิศวกรอิเล็กทรอนิกส์และการสื่อสารโทรคมนาคม ,Electronics and Telecommunications Engineers, ผู้ปฏิบัติงานอาชีพในหน่วยนี้ ได้แก่ ผู้วิเคราะห์ วิจัย แนะนำ ออกแบบและควบคุมดูแลการสร้างระบบอุปกรณ์สื่อสารโทรคมนาคม และอุปกรณ์อิเล็กทรอนิกส์ กำหนดมาตรฐานการผลิตและการติดตั้งเพื่อให้เกิดประสิทธิภาพและความปลอดภัย ควบคุมการทำงานของระบบและอุปกรณ์ดังกล่าว รวมทั้งการบำรุงรักษาและซ่อมแซม ศึกษาและให้คำแนะนำด้านเทคโนโลยีต่าง ๆ โดยละเอียด ประสานงานด้านเทคนิคและปรึกษากับผู้เชี่ยวชาญพิเศษที่เกี่ยวข้อง จัดทำเอกสารและรายงานอย่างเป็นระบบ ตลอดจนปฏิบัติหน้าที่การงานที่เกี่ยวข้องและควบคุมดูแลผู้ปฏิบัติงานอื่น ๆ ,1,NaT,NaT,None,None
2145,2,21,214, วิศวกรเครื่องกล ,Mechanical Engineers, ผู้ปฏิบัติงานอาชีพในหน่วยนี้ ได้แก่ผู้วิเคราะห์ วิจัย แนะนำ ออกแบบและควบคุมการติดตั้งเครื่องจักรกลที่ให้กำเนิดพลังงาน เครื่องกำเนิดไอน้ำ เครื่องอัดก๊าซ ภาชนะรับความดัน เครื่องปรับสภาวะอากาศและเครื่องทำความเย็นทุกขนาดและทุกชนิด เรือ เครื่องบิน เครน ลิฟท์ ระบบท่อน้ำในอาคารและยานพาหนะอื่น ๆ กำหนดมาตรฐานการผลิตและการติดตั้งเพื่อให้เกิดประสิทธิภาพและความปลอดภัย ควบคุมการทำงานของเครื่องจักรดังกล่าว รวมทั้งการบำรุงรักษาและซ่อมแซม ศึกษาและให้คำแนะนำด้านเทคโนโลยีต่าง ๆ อย่างละเอียด ประสานงานด้านเทคนิคและปรึกษากับผู้เชี่ยวชาญพิเศษที่เกี่ยวข้อง จัดทำเอกสารและรายงานอย่างเป็นระบบ ตลอดจนปฏิบัติหน้าที่การงานที่เกี่ยวข้องและควบคุมดูแลผู้ปฏิบัติงานอื่น ๆ ,1,NaT,NaT,None,None
2146,2,21,214, วิศวกรเคมี ,Chemical engineers,ผู้ปฏิบัติงานอาชีพในหน่วยนี้ ได้แก่ ผู้ทำงานในด้านการวิเคราะห์ ค้นคว้า ให้คำปรึกษา แนะนำ วิจัยและพัฒนา คำนวณ ออกแบบกระบวนการทางเคมี และหรือทางเคมีกายภาพ และหรือทางชีวเคมี ควบคุมกรรมวิธีทางเคมี และกระบวนการเพื่อผลิตสารเคมี หรือเคมีภัณฑ์ต่างๆตามที่กำหนด รวมถึงกระบวนการบำบัดของเสีย การคำนวณ ออกแบบ ทำโครงการก่อตั้ง และอำนวยการทางเทคนิคในการสร้าง ติดตั้ง ตรวจสอบ การอำนวยการซ่อม ดัดแปลง ใช้ ทำลาย หรือรื้อถอนเครื่อง หรืออุปกรณ์ที่ใช้ทางเคมีในโรงงานอุตสาหกรรมเคมี หรือสถานที่ประกอบการ หรือสถานบำบัดของเสียที่อาศัยปฏิกริยาเคมี วิจัยและพัฒนากรรมวิธีทางเคมีในการกลั่นน้ำมันดิบและของเหลวอื่นๆ หรือแก๊ส กำหนดลักษณะด้านต่างๆ ของโครงสร้างโรงงานผลิตเคมีภัณฑ์ รวมทั้งระบุวิธีการผลิต วัสดุ และมาตรฐานคุณภาพให้เป็นไปตามข้อกำหนด วางมาตรฐานและขั้นตอนในการควบคุมเพื่อความปลอดภัยและความมีประสิทธิภาพของการดำเนินการผลิตและแก้ไขระบบการทำงานที่บกพร่อง รวมทั้งการเก็บและการขนส่งเคมีภัณฑ์ที่เป็นวัตถุอันตราย การจัดระเบียบและดูแลด้านการบำรุงรักษาและซ่อมแซมอุปกรณ์ใช้งานทางเคมีต่างๆ ที่มีอยู่ ประสานการติดต่องานด้านเทคนิคและปรึกษาหารือกับวิศวกรอื่นๆ หรือผู้เชี่ยวชาญพิเศษที่เกี่ยวข้อง จัดเตรียมเอกสารและรายงานทางเทคนิคสำหรับการติดต่องานและการปรึกษาหารือเพื่อความปลอดภัยและความมีประสิทธิภาพอย่างเป็นระบบ ตลอดจนปฏิบัติหน้าที่การงานและควบคุมดูแลผู้ปฏิบัติงานอื่นๆที่เกี่ยวข้องในโรงงานอุตสาหกรรมเคมี หรือสถานที่ประกอบการ หรือสถานบำบัดของเสียที่อาศัยปฏิกริยาเคมี,1,NaT,NaT,None,None
2147,2,21,214, วิศวกรเหมืองแร่ นักโลหกรรม และผู้ประกอบวิชาชีพอื่นๆ ที่เกี่ยวข้อง ,"Mining Engineers, Metallurgists and Relater Professionals", ผู้ปฏิบัติงานอาชีพในหน่วยนี้ ได้แก่ ผู้ทำงานด้านการวิจัย ออกแบบ และพัฒนาวิธีการสกัดโลหะจากสินแร่ น้ำ น้ำมัน หรือแก๊สจากพื้นโลก รวมทั้งพัฒนาโลหะผสม เซรามิค และวัสดุอื่นๆ ขึ้นใหม่ ศึกษาและให้คำแนะนำด้านเทคโนโลยีของวัสดุ ผลิตภัณฑ์หรือกระบวนการต่าง ๆ วิจัยและแนะนำในการออกแบบและพัฒนาวิธีการใหม่ ๆ เกี่ยวกับวิศวกรรมด้านเหมืองแร่ และน้ำมัน การสกัดแก๊ส หรือน้ำ กำหนดวิธีการทำเหมืองแร่ การสกัดแร่ ชนิดของเครื่องจักรที่นำมาใช้ ที่ตั้งของเครื่องเจาะ และวิธีการควบคุมการไหลของน้ำ น้ำมันและแก๊ส วางแผนด้านผังงานและควบคุมการ ก่อสร้างอุโมงค์และปล่องของเหมืองแร่ วางมาตรฐานและขั้นตอนด้านความปลอดภัยโดยเฉพาะงานใต้ดิน ตรวจสอบคุณสมบัติของโลหะและโลหะผสม และพัฒนา ให้คำแนะนำและควบคุมงานด้านเทคนิค เกี่ยวกับการผลิตและกรรมวิธีการผลิตโลหะและโลหะผสม ประสานการติดต่องานด้านเทคนิคและปรึกษาหารือกับผู้เชี่ยวชาญพิเศษที่เกี่ยวข้อง จัดเตรียมเอกสารและรายงานอย่างเป็นระบบ ตลอดจนปฏิบัติหน้าที่การงาน และควบคุมดูแลผู้ปฏิบัติงานอื่นๆ ที่เกี่ยวข้อง,1,NaT,NaT,None,None
2148,2,21,214, นักทำแผนที่และนักสำรวจ ,Cartographers and Surveyors, ผู้ปฏิบัติงานอาชีพในหน่วยนี้ ได้แก่ ผู้ที่นำวิธีการและเทคนิคด้านการสำรวจไปประยุกต์ใช้เพื่อกำหนดตำแหน่งที่แน่นอนของลักษณะและเขตแดนของพื้นแผ่นดิน ทะเล พื้นที่ใต้ดินและท้องฟ้า จัดเตรียมหรือปรับปรุงแก้ไขภาพกราฟฟิค ดิจิตอล และรูปภาพ จัดหาค่าและวิเคราะห์แจกแจงรายละเอียดของพื้นที่สำรวจ วาดเค้าโครง บันทึกตำแหน่งลักษณะที่สำคัญต่าง ๆ และจัดทำแผนภูมิ ตลอดจนปฏิบัติงานที่เกี่ยวข้องและควบคุมผู้ปฏิบัติงานทำแผนที่และนักสำรวจอื่น ๆ,1,NaT,NaT,None,None
2149,2,21,214, วิศวกรอุตสาหการ สถาปนิกและผู้ประกอบวิชาชีพวิศวกรรมที่เกี่ยวข้องซึ่ง มิได้จัดประเภทไว้ในที่อื่น ,Architects, ผู้ปฏิบัติงานอาชีพในหน่วยนี้ ได้แก่ วิศวกรอุตสาหการ สถาปนิก และผู้ประกอบวิชาชีพวิศวกรรมอื่น ๆ ที่เกี่ยวข้องซึ่งมิได้จัดประเภทไว้ในที่ใด ทำหน้าที่ตรวจสอบ ออกแบบ และประเมินค่าระบบของคนกับวัสดุ และสิ่งอำนวยความสะดวก เพื่อผลทางเศรษฐกิจและประสิทธิภาพของการผลิต การใช้ และการจำแนกแจกจ่ายซึ่งผลิตภัณฑ์อันเป็นผลผลิตของระบบนั้น รวมถึงงานจัดทำมาตรฐานงานควบคุมการทำงานและต้นทุนการผลิต ตลอดจนการจัดการวัสดุ ผลผลิตและคนทำงานในองค์กร วิจัยและพัฒนา แนะนำ เลือกทำเลที่ตั้งโรงงาน วางผังการติดตั้งเครื่องจักรและอุปกรณ์การผลิต และบริหารจัดการโรงงาน วิเคราะห์ วัดและควบคุม ประเมินและคิดอัตราค่าจ้างงาน พัฒนาวิธีการเพิ่มประสิทธิภาพขององค์กรและการผลิต วางแผนการผลิต การเพิ่มผลผลิต การควบคุมคุณภาพ การ จัดการสิ่งแวดล้อมในโรงงาน การจำแนกแจกจ่าย การขน การเก็บวัตถุดิบและผลิตภัณฑ์ การใช้และประเมินบุคคล ตลอดจนวางแผนการใช้และการบำรุงรักษาวัสดุและอุปกรณ์ต่างๆ อย่างประหยัด ปลอดภัยและมีประสิทธิภาพ ควบคุมการทำงานให้บรรลุเป้าหมายตรงตามเวลาและทิศทางที่กำหนด ให้คำปรึกษาและแนะนำเกี่ยวกับการผลิต การทำแผนผังโรงงานหรือสิ่งก่อสร้างอื่นๆที่เกี่ยวกับการผลิตขั้นตอน/วิธีการตัดสินใจเลือกและใช้เครื่องจักรและอุปกรณ์ และแผนงานการป้องกันอันตรายจากอุปกรณ์ดังกล่าวในสายการผลิต จัดเตรียมและควบคุมค่าใช้จ่ายและปริมาณของวัสดุที่ใช้ในการก่อสร้างโรงงาน การผลิตผลิตภัณฑ์อุตสาหกรรม ศึกษาและแนะนำลักษณะทางเทคโนโลยีของกระบวนการปริมาณของวัสดุที่ใช้ในการก่อสร้าง และในการผลิตผลิตภัณฑ์อุตสาหกรรม ศึกษา วิจัยและพัฒนา และแนะนำลักษณะทางเทคโนโลยีของกระบวนการผลิตเชิงอุตสาหกรรมเฉพาะทาง เช่น แก้ว เซรามิค เครื่องปั้นดินเผา สิ่งทอ หนัง เสื้อผ้า เครื่องนุ่งห่ม พลาสติก ไม้และวัสดุต่าง ๆ รวมถึงงานการพิมพ์ จัดทำเอกสารและรายงานอย่างเป็นระบบ ตลอดจนปฏิบัติหน้าที่การงานและควบคุมดูแลผู้ปฏิบัติงานอื่นๆที่เกี่ยวข้อง ,1,NaT,NaT,None,None
2211,2,22,221, นักชีววิทยา นักพฤกษศาสตร์ นักสัตววิทยาและผู้ประกอบวิชาชีพอื่น ๆ ที่เกี่ยวข้อง,"Biologists, Botanists, Zoologists and Related Professionals", ผู้ปฏิบัติงานอาชีพในหน่วยนี้ ได้แก่ ผู้ทำหน้าที่วิจัย ปรับปรุงหรือพัฒนาแนวคิด ทฤษฎีและวิธีการปฏิบัติต่างๆ และนำองค์ความรู้ทางวิทยาศาสตร์ที่เกี่ยวข้องกับชีววิทยา จุลชีววิทยา แบคทีเรียวิทยา เชื้อราวิทยา ไวรัสวิทยา เซลล์วิทยา พันธุศาสตร์ สัตวศาสตร์ พฤกษศาสตร์ เทคโนโลยีชีวภาพ และนิเวศวิทยาไปใช้ประโยชน์ในทางการแพทย์และเกษตรกรรม ทำการทดลองทั้งในภาคสนามและห้องปฏิบัติการเกี่ยวกับสิ่งมีชีวิตทุกรูปแบบโดยจำแนกและจัดประเภทของตัวอย่างมนุษย์ สัตว์ แมลง พืช หรือจุลินทรีย์ และศึกษาถึงต้นกำเนิด พัฒนาการ รูปแบบ โครงสร้าง พันธุกรรม และส่วนประกอบทางเคมีและกายภาพ และกระบวนการของชีวิตและการสืบพันธุ์ ศึกษาและทดลองเกี่ยวกับโครงสร้างการพัฒนาการและลักษณะเฉพาะของจุลินทรีย์ เช่น แบคทีเรีย หรือไวรัส ศึกษาปัจจัยที่เกี่ยวข้องกับต้นกำเนิด การพัฒนาการ และการถ่ายทอดลักษณะทางพันธุกรรมในมนุษย์ สัตว์ หรือพืช ศึกษาชีวิตของจุลินทรีย์ พืชและสัตว์ในทุกองค์ประกอบ และพัฒนานำความรู้นี้มาใช้ในสาขาเกษตรกรรม อาหารและอายุรกรรม ศึกษาและทดลองเกี่ยวกับโครงสร้างและหน้าที่ของเซลล์สิ่งมีชีวิต และอิทธิพลขององค์ประกอบทางกายภาพและเคมีที่มีต่อเซลล์ที่ปกติและไม่ปกติ รวมทั้งศึกษาความสัมพันธ์ระหว่างชีวิตจุลินทรีย์ ชีวิตพืช ชีวิตสัตว์และปัจจัยแวดล้อมที่เกี่ยวข้อง และให้คำแนะนำทักษะวิชาชีพแก่สาขาวิทยาการที่เกี่ยวข้อง ตลอดจนปฏิบัติหน้าที่การงานที่เกี่ยวข้องและควบคุมดูแลผู้ปฏิบัติงานอื่นๆ,1,NaT,NaT,None,None
2212,2,22,221, นักเภสัชวิทยา นักพยาธิวิทยา และผู้ประกอบวิชาชีพอื่นๆ ที่เกี่ยวข้อง,"Pharmacologists, Pathologists and Related Professionals", ผู้ปฏิบัติงานอาชีพในหน่วยนี้ ได้แก่ ผู้ทำหน้าที่วิจัย ปรับปรุงหรือพัฒนาแนวคิด ทฤษฎีและวิธีการปฏิบัติต่างๆ และนำองค์ความรู้ทางวิทยาศาสตร์ด้านกายวิภาคศาสตร์ ชีวเคมี ฟิสิกส์ชีวภาพ สรีรวิทยา พยาธิวิทยา หรือเภสัชวิทยามาใช้ประโยชน์ทางการแพทย์ เกษตรกรรม หรืออุตสาหกรรม : วิจัย ปรับปรุง หรือคิดค้นแนวคิด ทฤษฎี และวิธีการต่างๆ ในสาขานั้นๆ ศึกษาและทำการทดลองเกี่ยวกับรูปแบบ โครงสร้าง และลักษณะทางกายวิภาคของสิ่งมีชีวิต ส่วนประกอบทางเคมี และกระบวนการของชีวิตและหน้าที่ของอวัยวะ เนื้อเยื่อ เซลล์ ต่อม และระบบต่างๆ ของมนุษย์ สัตว์ และพืชทั้งที่ปกติและ ผิดปกติ หรือภายใต้สภาวะที่ไม่ธรรมดา ศึกษาและทำการทดลองเกี่ยวกับธรรมชาติ สาเหตุ และพัฒนาการของโรคและความผิดปกติของมนุษย์ สัตว์ หรือพืช ศึกษาและทดลองเกี่ยวกับผลของยาและสารต่างๆ ต่อเนื้อเยื่อ อวัยวะ และกระบวนการทางสรีระวิทยาของมนุษย์และสัตว์ พร้อมปรับปรุงประสิทธิภาพของยาที่มีอยู่ในปัจจุบันหรือยาที่กำลังพัฒนาขึ้นใหม่ รวมทั้งพัฒนาการนำองค์ความรู้ในแต่ละสาขาไปประยุกต์ใช้ในทางอุตสาหกรรม การแพทย์ และอื่นๆ และจัดเตรียมเอกสารและรายงานทางวิทยาศาสตร์ ตลอดจนปฏิบัติหน้าที่การงานที่เกี่ยวข้องและควบคุมดูแลผู้ปฏิบัติงานอื่นๆ,1,NaT,NaT,None,None
2213,2,22,221, นักเกษตรกรรมและผู้ประกอบวิชาชีพอื่นๆที่เกี่ยวข้อง ,Agronomists and related professionals, ผู้ปฏิบัติงานอาชีพในหน่วยนี้ ได้แก่ ผู้ที่ทำหน้าที่วิจัย ปรับปรุง หรือพัฒนาแนวคิดทฤษฎีและวิธีการปฏิบัติต่างๆ และนำความรู้ทางวิทยาศาสตร์ที่เกี่ยวข้องกับพืชผลทางการเกษตรและ กิจการสัตว์เลี้ยงมาใช้ประโยชน์ : ทำการศึกษาวิจัยเกี่ยวกับพืชไร่นา หญ้าประเภทต่างๆ พืชสวน ไม้ดอก ไม้ประดับ พืชผักและผลไม้ และพัฒนาวิธีการเพาะปลูกรูปแบบใหม่ วิจัยและพัฒนาการ ทำฟาร์มปศุสัตว์และวิธีการผสมพันธุ์สัตว์ เพาะพันธุ์และเลี้ยงต้นไม้ วางแผนและกำกับดูแลการปลูกป่า และการใช้ประโยชน์จากความหนาแน่นของต้นไม้ ศึกษาวิจัยคุณลักษณะ สมรรถนะและความอุดมสมบูรณ์ของดินและนำผลการศึกษาค้นคว้ามาใช้ประโยชน์ในการพัฒนาและปรับปรุงแนวปฏิบัติทางด้านเกษตรกรรม การปลูกพืชสวน ไม้ดอกไม้ประดับ พืชผักและผลไม้ และการปลูกป่า ทำการวิจัยและพัฒนาวิธีการแบบใหม่เพื่อการอนุรักษ์สัตว์ป่า และเพื่อการใช้ประโยชน์พื้นที่เลี้ยงปศุสัตว์อย่างประหยัด จัดทำเอกสารและรายงานทางวิทยาศาสตร์ ตลอดจนปฏิบัติหน้าที่การงานที่เกี่ยวข้องและควบคุมดูแลผู้ปฏิบัติงานอื่นๆ ,1,NaT,NaT,None,None
2221,2,22,222, แพทย์ ,Medical Doctors, ผู้ปฏิบัติงานอาชีพในหน่วยนี้ ได้แก่ ผู้วิจัย ปรับปรุงหรือคิดค้นแนวคิด ทฤษฎี และวิธีการต่าง ๆ เพื่อนำมาประยุกต์ใช้ในการป้องกันและรักษาโรค ทำงานวิจัยเกี่ยวกับความผิดปกติของมนุษย์และโรคต่าง ๆ วิธีการรักษาและป้องกันโรค ตรวจร่างกายและวินิจฉัยโรค สั่งยาและให้การรักษาโรค ความผิดปกติหรืออุบัติเหตุที่วินิจฉัยแล้ว รวมถึงให้การรักษาเฉพาะทางทั้งทางด้านอายุรกรรมและศัลยกรรม ให้คำแนะนำวิธีป้องกันและรักษาโรค มีส่วนร่วมในการพัฒนาและสร้างกฎระเบียบเกี่ยวกับการสร้างสุขภาพที่ดี ความปลอดภัยและส่งเสริมสุขภาพอนามัยของสังคม เขียนรายงานและวารสาร ทางวิทยาศาสตร์ ตลอดจนปฏิบัติหน้าที่การงานที่เกี่ยวข้องและควบคุมดูแลผู้ปฏิบัติงานอื่น ๆ ,1,NaT,NaT,None,None
2222,2,22,222, ทันตแพทย์ ,Dentists, ผู้ปฏิบัติงานอาชีพในหน่วยนี้ ได้แก่ ผู้วิจัย ปรับปรุงหรือคิดค้นแนวคิด ทฤษฎีและวิธีการต่าง ๆ เพื่อนำมาประยุกต์ใช้ในสาขาวิชาทันตกรรม ทำงานวิจัยในด้านความผิดปกติทางทันตกรรมและโรคที่เกี่ยวข้อง วิธีการรักษาและป้องกันโรค ตรวจร่างกาย ให้คำแนะนำและให้การรักษาทางทันตกรรมที่จำเป็น สั่งยาและให้การรักษาโรค ความผิดปกติหรืออุบัติเหตุที่วินิจฉัยแล้ว ให้การรักษาทางด้านอายุรกรรม ศัลยกรรมและด้านอื่นๆ สำหรับโรคหรือความผิดปกติของฟันและช่องปาก มีส่วนร่วมในกิจกรรมของสังคมเพื่อยกระดับมาตรฐานของสุขภาพปากและการบำรุงรักษาฟัน เขียนรายงานและวารสารทางวิทยาศาสตร์ ตลอดจนปฏิบัติหน้าที่การงานที่เกี่ยวข้องและควบคุมดูแลผู้ปฏิบัติงานอื่น ๆ,1,NaT,NaT,None,None
2223,2,22,222, สัตวแพทย์ ,Veterinarians, ผู้ปฏิบัติงานอาชีพในหน่วยนี้ ได้แก่ ผู้ที่ทำการศึกษา วิจัย ปรับปรุงหรือพัฒนาแนวคิดทฤษฎีเกี่ยวกับความรู้ทางการแพทย์ สาขาสัตวแพทย์ แล้วนำมาประยุกต์ใช้ในการปฏิบัติงาน ทำการตรวจและวินิจฉัยโรคหรืออาการบาดเจ็บของสัตว์ บำบัดรักษาโรคด้วยการผ่าตัดหรือใช้ยา ฉีดวัคซีนให้กับสัตว์ในฟาร์มและฝูงสัตว์อื่น ๆ เพื่อป้องกันโรค ให้คำแนะนำเกี่ยวกับสุขอนามัยและการเพาะพันธุ์สัตว์ ตรวจสอบคุณภาพและความปลอดภัยของอาหารที่ผลิตจากเนื้อสัตว์ หรือชิ้นส่วนของสัตว์ก่อนบริโภค จัดทำเอกสารและรายงานทางวิทยาศาสตร์ ตลอดจนปฏิบัติหน้าที่การงานที่เกี่ยวข้องและควบคุมดูแลผู้ปฏิบัติงานอื่น ๆ,1,NaT,NaT,None,None
2224,2,22,222, เภสัชกร ,Pharmacists, ผู้ปฏิบัติงานอาชีพในหน่วยนี้ ได้แก่ ผู้ที่นำแนวคิดและทฤษฎีทางด้านเภสัชศาสตร์มาประยุกต์ใช้ในการเตรียม และผสมยา หรือจำหน่ายเวชภัณฑ์และยาต่าง ๆ เตรียมและจัดแจงเวชภัณฑ์ตามใบสั่งยาของแพทย์ ทันตแพทย์และสัตวแพทย์ หรือทำการผสมสูตรยา ตรวจดูใบสั่งยาเพื่อให้แน่ใจว่าขนาดของยาที่สั่งเป็นขนาดที่เหมาะสม และเพื่อให้แน่ใจว่าคนไข้ หรือผู้ที่จ่ายยาให้คนไข้ เข้าใจวิธีการใช้ยา รวมทั้งให้การแนะนำในกรณีที่เกิดการแพ้ยา จัดเวชภัณฑ์และยาในโรงพยาบาล หรือจำหน่ายในร้านขายยาทั่วไป จดบันทึกรายการยา โดยเฉพาะอย่างยิ่งยาเสพติด สารพิษ และยาที่ก่อให้เกิด พฤติกรรมซ้ำซาก ทดสอบตัวยาเพื่อให้รู้ว่าเป็นยาอะไร สกัดยาให้บริสุทธิ์และเข้มข้นขึ้น มีส่วนร่วมในการพัฒนากฎ ระเบียบ และข้อบังคับต่าง ๆ เขียนรายงานและวารสารทางวิทยาศาสตร์ ตลอดจนปฏิบัติหน้าที่การงานที่เกี่ยวข้องและควบคุมดูแลผู้ปฏิบัติงานอื่น ๆ,1,NaT,NaT,None,None
2229,2,22,222, ผู้ประกอบวิชาชีพเกี่ยวกับสุขภาพอนามัย (ยกเว้นการพยาบาล) ที่มิได้จัดประเภทไว้ในที่อื่น ,Health Professionals except nursing  not elsewhere classified,ผู้ปฏิบัติงานอาชีพในหน่วยนี้ ได้แก่ ผู้ประกอบวิชาชีพเกี่ยวกับด้านสุขภาพอนามัย (ยกเว้นการพยาบาล) ซึ่งไม่ได้มีการจำแนกประเภทไว้ในหมู่ 222 ผู้ประกอบวิชาชีพเกี่ยวกับสุขภาพอนามัย (ยกเว้นการพยาบาล),1,NaT,NaT,None,None
2230,2,22,223, พยาบาลวิชาชีพและผดุงครรภ์อาชีพ ,Nursing and Midwifery Professionals, ผู้ปฏิบัติงานอาชีพในหน่วยนี้ ได้แก่ ผู้ที่กระทำต่อมนุษย์เกี่ยวกับการดูแล การช่วยเหลือเมื่อเจ็บป่วย การฟื้นฟูสภาพ การป้องกันโรค การส่งเสริมสุขภาพ และการช่วยเหลือแพทย์กระทำการรักษาโรคและทำการคลอด การช่วยเหลือหญิงมีครรภ์ หญิงหลังคลอดและทารกเพื่อป้องกันความผิดปกติในระยะตั้งครรภ์ ระยะคลอด และระยะหลังคลอด ดูแลทารก แนะนำบิดา-มารดาในการอบรมเลี้ยงดูบุตรและการเจริญเติบโตของทารก การให้ภูมิคุ้มกัน แนะนำการปรับตัวในสังคมแก่ผู้ป่วยที่ทุพพลภาพทางร่างกาย จิตใจ รักษาพยาบาล แนะนำตามบ้านเรือน โรงเรียน สถานสงเคราะห์หรือสถานเลี้ยงเด็ก และหน่วยงานอื่น ๆ ที่เกี่ยวข้องกับการให้บริการอนามัยชุมชน ตลอดจนปฏิบัติหน้าที่การงานที่เกี่ยวข้องและควบคุมดูแลผู้ปฏิบัติงานอื่น ๆ,1,NaT,NaT,None,None
2310,2,23,231, ผู้สอนในวิทยาลัย มหาวิทยาลัยและสถาบันอุดมศึกษา,"College, University and Higher Education Teaching Professionals", ผู้ปฏิบัติงานอาชีพในหน่วยนี้ ได้แก่ ผู้สอนวิชาต่างๆ ในวิทยาลัย มหาวิทยาลัยและสถาบันอุดมศึกษาทั่วไป สร้างและพัฒนาการเรียนการสอนในวิชาที่รับผิดชอบ กำหนดกิจกรรมให้สอดคล้องกับการศึกษาทั้งในและนอกหลักสูตร บรรยายให้ความรู้และจัดสัมมนาในชั้นเรียน ทดสอบและทดลองในห้องปฏิบัติการทางวิทยาศาสตร์ จัดทำหนังสือ เอกสาร บทความทางวิชาการและตำราต่างๆ เข้าร่วมในการประชุมหรือสัมมนาและอาจมีส่วนร่วมในการบริหารงานของวิทยาลัย มหาวิทยาลัย ในเรื่องงบประมาณ นโยบายและอื่นๆ ตลอดจนปฏิบัติหน้าที่การงานและควบคุมดูแล ผู้ปฏิบัติงานที่เกี่ยวข้อง ,1,NaT,NaT,None,None
2320,2,23,232," ผู้ประกอบวิชาชีพด้านการสอนระดับมัธยมศึกษา , ผุ้สอนในระดับมัธยมศึกษา",Secondary Education Teaching Professionals,ผู้ปฏิบัติงานอาชีพในหน่วยนี้ ได้แก่ ผู้สอนวิชาต่างๆ ตั้งแต่หนึ่งวิชาขึ้นไปในสายวิชาสามัญหรือสายวิชาชีพแก่นักเรียนในระดับชั้นมัธยมศึกษา สร้างและพัฒนาวิธีการสอนในวิชาที่สอนหรือที่ได้รับมอบหมายให้สอดคล้องกับหลักสูตร รวมทั้งพัฒนาหลักสูตรท้องถิ่น ดูแลชั้นเรียนและสอนหนังสือในแต่ละวิชา ประเมินผลและจัดทำ รายงานผลการเรียนของนักเรียน มีส่วนร่วมในการ จัดระบบการเรียนการสอนและกิจกรรมของโรงเรียน ตลอดจนปฏิบัติหน้าที่การงานที่เกี่ยวข้อง ,1,NaT,NaT,None,None
2331,2,23,233," ผู้ประกอบการวิชาชีพด้านการสอนระดับประถมศึกษา , ผู้สอนในระดับประถมศึกษา",Primary Education Teaching Professionals, ผู้ปฏิบัติงานอาชีพในหน่วยนี้ ได้แก่ ผู้สอนวิชาต่างๆ ตามหลักสูตรการศึกษาขั้นพื้นฐานในระดับประถมศึกษา จัดกิจกรรมการเรียนการสอนเพื่อกระตุ้นให้ผู้เรียนมีการพัฒนาการทางบุคลิกภาพ มีความรู้และประสบการณ์เพิ่มขึ้น วัดและประเมินผลการเรียนการสอน ร่วมปรึกษาหารือกับ ผู้บริหารสถานศึกษาและผู้ปกครองเกี่ยวกับปัญหาของผู้เรียนและความก้าวหน้าด้านการเรียนการสอน ดูแลความประพฤติและความปลอดภัยของผู้เรียน จัดทำรายงานต่างๆ ตลอดจนปฏิบัติหน้าที่การงานที่เกี่ยวข้อง ,1,NaT,NaT,None,None
2332,2,23,233," ผู้ประกอบวิชาชีพด้านการสอนระดับก่อนประถมศึกษา , ผู้สอนในระดับก่อนประถมศึกษา (ชั้นอนุบาล) ",Pre – Primary Education Teaching Professionals, ผู้ปฏิบัติงานอาชีพในหน่วยนี้ ได้แก่ ผู้จัดกิจกรรมทางการศึกษาแก่เด็กก่อนวัยเรียน เพื่อเตรียมความพร้อม ส่งเสริมและสนับสนุนพัฒนาการทางด้านร่างกาย อารมณ์-จิตใจ สติปัญญาและสังคมของเด็กตามหลักสูตรพัฒนาการของเด็กก่อนประถมศึกษา เฝ้าสังเกตพฤติกรรมและประเมินพัฒนาการ รวมทั้งปัญหาอื่นๆ ของเด็ก ปรึกษาหารือกับผู้ปกครองเกี่ยวกับพัฒนาการของเด็กและตลอดจนปฏิบัติหน้าที่การงานที่เกี่ยวข้อง,1,NaT,NaT,None,None
2340,2,23,234," ผู้ประกอบวิชาชีพด้านการสอนการศึกษาพิเศษ , ครูการศึกษาพิเศษ",Special Education Teaching Professionals,ผู้ปฏิบัติงานอาชีพในหน่วยนี้ ได้แก่ ผู้สอนที่ต้องใช้วิธีการสอนแบบพิเศษเฉพาะกลุ่ม สร้างหรือพัฒนาหลักสูตรการศึกษาพิเศษ เตรียมบทเรียนและกิจกรรมให้เหมาะสมกับกลุ่มโดยใช้เทคนิคหรือสื่อพิเศษ ควบคุมดูแลและเอาใจใส่การทำงานในชั้นเรียน ประเมินผลและบันทึกการพัฒนาการเรียนรู้ของผู้เรียน ร่วมปรึกษาหารือกับผู้ปกครอง อาจารย์ใหญ่ แพทย์บำบัดและนักสังคมสงเคราะห์เพื่อช่วยเหลือผู้เรียนเป็นรายบุคคล ตลอดจนปฏิบัติหน้าที่การงานและควบคุมดูแลผู้ปฏิบัติงานที่เกี่ยวข้อง,1,NaT,NaT,None,None
2351,2,23,235, ผู้เชี่ยวชาญพิเศษด้านการศึกษา ,Education Methods Specialists,ผู้ปฏิบัติงานอาชีพในหน่วยนี้ ได้แก่ ผู้ศึกษา วิจัย ปรับปรุงและพัฒนาหลักสูตร วิธีการสอนและสื่อการสอน ให้คำแนะนำเกี่ยวกับเนื้อหาสาระของหลักสูตร วิธีการสอนและการใช้สื่อต่างๆ จัดทำรายงานและเอกสารทางวิชาการ ปฏิบัติหน้าที่การงานและควบคุมดูแลผู้ปฏิบัติงานที่เกี่ยวข้อง ,1,NaT,NaT,None,None
2352,2,23,235, ผู้ตรวจการโรงเรียน ,School Inspectors, ผู้ปฏิบัติงานอาชีพในหน่วยนี้ ได้แก่ ผู้ตรวจสอบการทำงานของครู ให้คำแนะนำและคำปรึกษาเพื่อปรับปรุงแผนการสอนของโรงเรียนให้ตรงกับหลักสูตรที่กำหนดไว้ : ตรวจเยี่ยมชั้นเรียนเพื่อตรวจสอบและประเมินผลวิธีการสอน และการใช้อุปกรณ์การเรียนการสอน พร้อมกับให้คำแนะนำแก่ผู้บริหารและครูผู้สอน เพื่อปรับปรุงและพัฒนาการเรียนการสอนให้ดีขึ้น จัดทำรายงานและปรับปรุงหลักสูตร วิธีการสอนและเรื่องต่างๆ ให้สอดคล้องกับการศึกษา ปฏิบัติหน้าที่การงานและควบคุมดูแลผู้ปฏิบัติงานที่เกี่ยวข้อง,1,NaT,NaT,None,None
2359,2,23,235, ผู้ประกอบวิชาชีพด้านการสอนอื่น ๆ ที่มิได้จัดประเภทไว้ในหน่วยอื่น,Other Teaching Professionals Not Elsewhere Classified,ผู้ปฏิบัติงานอาชีพในหน่วยนี้ ได้แก่ ผู้ที่ประกอบวิชาชีพด้านการสอนที่มิได้จัดประเภทไว้ในที่อื่น ,1,NaT,NaT,None,None
2411,2,24,241, นักบัญชี ,Accountants,ผู้ปฏิบัติงานอาชีพในหน่วยนี้ ได้แก่ ผู้ให้บริการทางการบัญชีแก่สถานประกอบการธุรกิจ บุคคล สถาบันเอกชนหรือหน่วยงานรัฐบาล รวมถึงการควบคุมดูแลการทำบัญชี การตรวจสอบบัญชี แนะนำการวางแผน การจัดระบบการจัดทำบัญชีและงบประมาณ รับรองความถูกต้องและความครบถ้วนของงบการเงินเพื่อแสดงต่อผู้บริหาร ผู้ถือหุ้น และหน่วยงานทางกฎหมายและหน่วยงานอื่น ๆ ที่เกี่ยวข้อง จัดทำประมาณการรายได้ ประมาณการรายจ่าย ผลการดำเนินงานและงบประมาณอื่น ๆ ดำเนินการเกี่ยวกับการคืนภาษี และให้คำแนะนำเกี่ยวกับปัญหาด้านการจัดเก็บภาษี ตรวจสอบเงินได้พึงประเมินเพื่อยื่นต่อเจ้าพนักงานประเมิน หรือจัดส่งให้เจ้าหน้าที่ผู้ประเมินภาษีเพื่อยื่นต่อ เจ้าหน้าที่สรรพากร รวมถึงตรวจสอบหลักฐานทางการเงินต่าง ๆ เช่น การฉ้อฉล และการล้มละลาย ตลอดจนปฏิบัติงานหน้าที่การงานที่เกี่ยวข้อง และควบคุมดูแลผู้ปฏิบัติงานอื่น ๆ ,1,NaT,NaT,None,None
2412,2,24,241, ผู้ประกอบวิชาชีพด้านงานบุคคลและงานอาชีพ,Personal and Careers Professionals,ผู้ปฏิบัติงานอาชีพในหน่วยนี้ ได้แก่ ผู้ที่ทำการศึกษา วางแผนและให้บริการด้านงานบุคคล สรรหาบุคลากรเข้ามาทำงานในองค์กร โดยการรับสมัคร สอบสัมภาษณ์หรือสอบข้อเขียนและทำการบรรจุ จัดฝึกอบรมเพื่อพัฒนาบุคลากร เลื่อนขั้นเงินเดือน จ่ายค่าตอบแทนแก่พนักงาน จัดสวัสดิการแก่พนักงาน สร้างความสัมพันธ์ในองค์กร ศึกษาและวิเคราะห์ลักษณะงานในรายละเอียดเพื่อจัดทำและแบ่งประเภทงานตามความรับผิดชอบ เช่น งานบุคคล งานวิจัยและวางแผนอัตรากำลัง งานฝึกอบรมหรืองานข่าวสารข้อมูลเกี่ยวกับงานอาชีพ รวมทั้งแนะแนวทางเกี่ยวกับงานอาชีพนั้น ๆ ศึกษาและให้คำแนะนำเกี่ยวกับแนวโน้มในการจ้างงาน ทางเลือกในแต่ละอาชีพ และการศึกษาต่อหรือการฝึกอบรมต่าง ๆ ปฏิบัติหน้าที่การงานที่เกี่ยวข้อง และกำกับดูแลผู้ปฏิบัติงานอื่น ๆ ,1,NaT,NaT,None,None
2419,2,24,241, ผู้ประกอบวิชาชีพทางธุรกิจที่มิได้จัดประเภทไว้ในที่อื่น,Business Professionals Not Elsewhere Classified, ผู้ปฏิบัติงานอาชีพในหน่วยนี้ ได้แก่ ผู้ที่ทำการวิจัย วางแผน และแนะนำการ ดำเนินงานธุรกิจในด้านการตลาด การโฆษณา และการประชาสัมพันธ์ ให้คำแนะนำการใช้กฎระเบียบเกี่ยวกับสิทธิบัตรและช่วยเหลือในการจัดเตรียมคำขอเพื่อยื่นขอจดทะเบียน รวมทั้งเขียนรายงานระบุเหตุผลสนับสนุนหรือคัดค้านการอนุมัติสิทธิบัตร ทำการศึกษาด้านการเงิน กฎหมาย การจัดองค์กรและอื่น ๆ ที่เกี่ยวข้องกับการจัดตั้งองค์กรธุรกิจ ทำการศึกษาและวิเคราะห์หลักการที่สำคัญทางคหะเศรษฐศาสตร์และการบริหารการจัดการ ปฏิบัติหน้าที่การงานที่เกี่ยวข้องและควบคุมดุแลผู้ปฏิบัติงานอื่น ๆ,1,NaT,NaT,None,None
2421,2,24,242, นักกฎหมาย ,Lawyers,ผู้ปฏิบัติงานอาชีพในหน่วยนี้ ได้แก่ ผู้ทำหน้าที่ให้คำปรึกษาแนะนำทางกฎหมาย ยกร่างกฎหมายและจัดทำกฎ ระเบียบของทางราชการ จัดทำนิติกรรม ให้คำแนะนำแก่ลูกความ ส่วนราชการ หน่วยงานของ รัฐและรัฐบาล ทำการแทนลูกความในเรื่องต่างๆ ที่เกี่ยวกับกฎหมาย เจรจา ตกลงกับคู่กรณีแทนลูกความ ตรวจสอบและสืบหาข้อเท็จจริงเพื่อดำเนินการในชั้นศาล ว่าความและดำเนินกระบวนการพิจารณาในศาลแทนลูกความในศาลยุติธรรมและศาลอื่นๆ กระทำการในฐานะอัยการในคดีต่างๆ จัดทำเอกสารทางกฎหมาย ปฏิบัติหน้าที่การงานที่เกี่ยวข้องและควบคุมดูแลผู้ปฏิบัติงานอื่นๆ,1,NaT,NaT,None,None
2422,2,24,242," ผู้พิพากษา , อนุญาโตตุลาการ ",Judges,ผู้ปฏิบัติงานอาชีพในหน่วยนี้ ได้แก่ ผู้ที่ทำหน้าที่พิจารณาคดีในศาลโดยวินิจฉัยพยานหลักฐานตัดสินชี้ขาดคดีภายใต้บทบัญญัติแห่งกฎหมาย หรือทำหน้าที่ชี้ขาดข้อพิพาท ปฏิบัติหน้าที่การงานที่เกี่ยวข้องและควบคุมดูแลผู้ปฏิบัติงานอื่นๆ,1,NaT,NaT,None,None
2429,2,24,242, ผู้ประกอบวิชาชีพด้านกฎหมายที่มิได้จัดประเภทไว้ในที่อื่น,Legal Professionals Not Elsewhere Classified, ผู้ปฏิบัติงานอาชีพในกลุ่มนี้ ได้แก่ ผู้ที่ทำงานด้านกฎหมายซึ่งมิได้จัดประเภทไว้ในที่อื่น ทำหน้าที่ให้คำปรึกษาแนะนำข้อกฎหมายในการแก้ไขปัญหาด้านงานบุคคล ธุรกิจและงานบริหาร การร่างเอกสารทางกฎหมายและสัญญาต่างๆ การโอนทรัพย์สินและกิจการ รวมถึงงานด้านอื่นๆ ที่เกี่ยวข้องกับกฎหมายที่ไม่ได้จัดไว้ในที่ใด ,1,NaT,NaT,None,None
2431,2,24,243, ผู้เก็บหรือดูแลเอกสารและผู้ดูแลพิพิธภัณฑ์ ,Archivists and Curators, ผู้ปฏิบัติงานอาชีพในหน่วยนี้ ได้แก่ ผู้ที่ทำการวิจัย ประเมินค่า หรือพัฒนาการจัดเก็บรักษาและอนุรักษ์เอกสารและสิ่งประดิษฐ์ที่มีความสำคัญและมีค่าทางประวัติศาสตร์ วัฒนธรรมและศิลปะ จัดทำดัชนี บรรณานุกรม สำเนาไมโครฟิล์มและเอกสารอ้างอิงอื่นๆ เพื่ออำนวยความสะดวกแก่ผู้ใช้บริการ วิจัยถึงจุดกำเนิด การได้มาและการใช้สิ่งประดิษฐ์ทางประวัติศาสตร์ วัฒนธรรมและศิลปะให้เกิดประโยชน์ จัดทำบัญชีรายชื่อสิ่งประดิษฐ์ต่างๆ ที่ได้รวบรวมไว้ในพิพิธภัณฑ์ และห้องแสดงงานศิลปะและจัดแสดงนิทรรศการต่าง ๆ จัดเตรียมเอกสารและรายงานทางวิชาการ ปฏิบัติหน้าที่การงานเกี่ยวข้อง รวมทั้งควบคุมดูแลผู้ปฏิบัติงานอื่น ๆ ,1,NaT,NaT,None,None
2432,2,24,243, บรรณารักษ์และผู้ประกอบวิชาชีพด้านงานสนเทศที่เกี่ยวข้อง,Librarians and related Information Professionals,ผู้ปฏิบัติงานอาชีพหน่วยนี้ ได้แก่ ผู้ที่คัดเลือกและเก็บรวบรวมหนังสือ วารสาร วัตถุสิ่งพิมพ์และวัตถุที่บันทึกภาพและเสียงอย่างเป็นระบบ ทำการจัดแบ่งประเภทหนังสือ และจัดทำระบบรายชื่อหนังสือและวัสดุอื่นๆ ในห้องสมุด จัดทำระบบการยืมและเครือข่ายข้อมูล ใช้คอมพิวเตอร์ในการให้ข้อมูลข่าวสารกับผู้มาขอรับบริการ ทำการวิเคราะห์และปรับปรุงแก้ไขการให้บริการต่างๆ ของห้องสมุดและบริการด้านข่าวสารข้อมูลตามความต้องการของผู้ใช้บริการ จัดเตรียมเอกสารและรายงานทางวิชาการ ปฏิบัติหน้าที่การงานที่เกี่ยวข้องและควบคุมดูแลผู้ปฏิบัติงานอื่นๆ,1,NaT,NaT,None,None
2441,2,24,244, นักเศรษฐศาสตร์ ,Economists, ผู้ที่ปฏิบัติงานอาชีพในหน่วยนี้ ได้แก่ ผู้ที่ทำการศึกษา ค้นคว้า ปรับปรุง หรือพัฒนาแนวคิดทฤษฎีและวิธีการปฏิบัติงานทางด้านเศรษฐกิจ นำความรู้ความเข้าใจทางทฤษฎีและปฏิบัติไปใช้อธิบายได้ภาวะการเปลี่ยนแปลงของตลาดและสินค้า คาดการณ์แนวโน้มทางการค้าในประเทศและระหว่างประเทศ นโยบายด้านการเงิน งบประมาณ ภาวะการว่างงาน รายได้ ผลผลิตและการบริโภค ทำการวิเคราะห์ข้อมูลโดยใช้ทฤษฎีทางเศรษฐศาสตร์ ข้อมูลสถิติและวิธีการอื่น ๆ เพื่อนำไปประยุกต์ไช้ในการกำหนดนโยบายทางเศรษฐกิจ อาจพิจารณาจากองค์ประกอบและแนวโน้มของเศรษฐกิจในอดีตปัจจุบันและที่ได้วางแผนไว้ จัดเตรียมเอกสารและรายงานทางวิชาการ ปฏิบัติหน้าที่การงานที่เกี่ยวข้องและควบคุมดูแลผู้ปฏิบัติหน้าที่การงานอื่น ๆ,1,NaT,NaT,None,None
2442,2,24,244, นักสังคมวิทยา นักมนุษยวิทยา และผู้ประกอบวิชาชีพอื่น ๆ ที่เกี่ยวข้อง,"Sociologists, anthropologists and Related Professionals", ผู้ปฏิบัติงานอาชีพในหน่วยนี้ ได้แก่ ผู้ที่ทำการศึกษาค้นคว้าและอธิบายถึงต้นกำเนิดและการพัฒนาการเกี่ยวกับโครงสร้างทางสังคมของมนุษย์ การอยู่ร่วมกันในสังคมของมนุษย์ การวิวัฒนาการของมนุษย์ชาติ โดยศึกษาจากการเปลี่ยนแปลงลักษณะที่สำคัญทางวัฒนธรรมและสังคมจากสิ่งปรักหักพังต่าง ๆ จากในอดีต เช่น ที่อยู่อาศัย วัด วิหาร ถ้วยชาม เหรียญต่าง ๆ อาวุธ หรือรูปสลัก รูปปั้น จากลักษณะทางกายภาพ ฤดูกาลและศาสนา แล้วนำข้อมูลที่ได้จากการศึกษาค้นคว้า รวมทั้ง กิจกรรมต่าง ๆ ทางเศรษฐกิจ สังคม และวัฒนธรรมมาประยุกต์ใช้ในการกำหนดนโยบายด้านสังคมและเศรษฐกิจ จัดเตรียมเอกสารและรายงานทางวิชาการ ปฏิบัติหน้าที่การงานที่เกี่ยวข้องและควบคุมดูแล ผู้ปฏิบัติงานอื่น ๆ,1,NaT,NaT,None,None
2443,2,24,244, นักปรัชญา นักประวัติศาสตร์และนักรัฐศาสตร์,"Philosophers, Historians and Political Scientists", ผู้ปฏิบัติงานอาชีพในหน่วยนี้ ได้แก่ ผู้ที่ทำการศึกษาค้นคว้าเกี่ยวกับการใช้เหตุผลและข้อจำกัดของความรู้ในเรื่องของปรัชญาที่เกี่ยวกับการกำเนิดธรรมชาติและความจริงในธรรมชาติ จริยธรรมพฤติกรรม ประสบการณ์ และการดำรงชีวิตของมนุษย์ ทำการศึกษาค้นคว้าและอธิบายถึงเหตุการณ์ต่างๆ ที่เกิดขึ้นในอดีต โดยเปรียบเทียบจากแหล่งข้อมูลปฐมภูมิและทุติยภูมิ เพื่อนำมาวิเคราะห์และอธิบายถึงประวัติศาสตร์ที่เกิดขึ้นในแต่ละช่วงเวลาของประเทศ หรือแง่มุมของปัญหา ต่าง ๆ เช่น ปัญหาด้านเศรษฐกิจสังคม หรือการเมืองของประเทศนั้น ๆ นอกจากนั้นยังทำการศึกษา ค้นคว้าปรัชญาทางการเมือง ทฤษฎีการเมืองและสถาบันการเมืองทั้งในอดีตและปัจจุบันรวบรวมข้อมูลที่ได้มาวิเคราะห์เป็นข้อสรุปเพื่อนำเสนอแก่สาธารณชน รัฐบาล พรรคการเมือง องค์กรต่าง ๆ รวมทั้งบุคคลทั่วไปที่สนใจ ทำการจัดเตรียมเอกสารและรายงานทางวิชาการ ปฏิบัติหน้าที่การงานที่เกี่ยวข้องและควบคุมดูแลผู้ปฏิบัติงานอื่น ๆ,1,NaT,NaT,None,None
2444,2,24,244, นักภาษาศาสตร์ นักแปลและล่าม ,Philologists, ผู้ปฏิบัติงานอาชีพในหน่วยนี้ ได้แก่ ผู้ที่ทำการศึกษาค้นคว้าเกี่ยวกับต้นกำเนิด โครงสร้างและการพัฒนาการของภาษาต่าง ๆ ศึกษาถึงความสัมพันธ์ระหว่างภาษาโบราณที่เป็นต้นกำเนิดของภาษาต่าง ๆ กับกลุ่มภาษาใหม่ วิวัฒนาการของคำ รูปแบบ ไวยากรณ์และภาษา จัดทำระบบการจำแนกประเภท กลุ่มภาษา ไวยากรณ์ พจนานุกรมต่าง ๆ และอื่น ๆ ที่คล้ายคลึงกัน แปลความหมายจากภาษาหนึ่งไปอีกภาษาหนึ่ง ให้ถูกต้องตามหลักวิชาการ กฎหมายและวิทยาศาสตร์ของภาษา นั้น ๆ อาจใช้คอมพิวเตอร์หรือเครื่องมืออื่น ๆ ช่วยเพื่อเพิ่มประสิทธิภาพของงานแปล ทำหน้าที่เป็นล่าม ถอดความจากภาษาหนึ่งเป็นอีกภาษาหนึ่ง ให้ได้ใจความสำคัญและความหมายที่ถูกต้องตามหลักภาษานั้น จัดเตรียมเอกสารและรายงานทางวิชาการ ปฏิบัติหน้าที่การงานที่เกี่ยวข้อง และควบคุมดูแล ผู้ปฏิบัติงานอื่น ๆ,1,NaT,NaT,None,None
2445,2,24,244, นักจิตวิทยา ,Psychologists, ผู้ปฏิบัติงานอาชีพในหน่วยนี้ ได้แก่ ผู้วิจัยและศึกษากระบวนการทางด้านจิตใจ และพฤติกรรมของมนุษย์เป็นกลุ่มและเฉพาะบุคคล และนำความรู้ไปใช้เพื่อส่งเสริมการศึกษาของบุคคลแต่ละคนของสังคมหรือเพื่อการพัฒนาและปรับระดับอาชีพ : วางแผนและทดสอบเพื่อวัดระดับคุณสมบัติด้านจิตใจและร่างกาย ความเฉลียวฉลาด ความสามารถธรรมดา ความสามารถพิเศษ ศักยภาพและอื่น ๆ พร้อมแปลผล ประเมินผล และให้คำแนะนำ วิเคราะห์ผลของกรรมพันธุ์ สังคม อาชีพและปัจจัยอื่น ๆ ที่มีผลกระทบต่อความคิดและพฤติกรรมของบุคคล ให้คำปรึกษาแนะนำและบำบัดรักษาอาการป่วยทางจิตของแต่ละบุคคล หรือกลุ่มบุคคลด้วยการสนทนาพร้อมทั้งติดตามผล ในกรณีที่ยากแก่การบำบัดรักษา จำเป็นต้องขอความร่วมมือกับสมาชิกในครอบครัว เจ้าหน้าที่หรือผู้ปฏิบัติงานด้านการศึกษา ร่วมแก้ปัญหาในการบำบัดรักษาหรือปัญหาต่าง ๆ ศึกษาองค์ประกอบทางด้านจิตวิทยา เพื่อการบำบัดรักษาและป้องกันอาการป่วยทางจิตและอารมณ์ หรือการแปรปรวนทาง พฤติกรรม รวมถึงการเชื่อมโยงระหว่างวิชาชีพต่าง ๆ ที่เกี่ยวข้อง เขียนรายงานและเอกสารทางวิชาการ ปฏิบัติหน้าที่การงานที่เกี่ยวข้องและ ควบคุมดูแลผู้ปฏิบัติงานอื่น ๆ,1,NaT,NaT,None,None
2446,2,24,244, นักสังคมสงเคราะห์และผู้ประกอบวิชาชีพด้านสังคมสงเคราะห์,Social Work Professionals, ผู้ปฏิบัติงานอาชีพในหน่วยนี้ ได้แก่ ผู้ที่ให้คำแนะนำด้านสังคมสงเคราะห์ และด้านอื่น ๆ ที่เกี่ยวข้องเพื่อช่วยแก้ปัญหาให้กับผู้มาใช้บริการ : ให้ความช่วยเหลือครอบครัวและบุคคลทั่วไปที่ประสบกับปัญหาส่วนตัวและปัญหาสังคม ; สอบถามปัญหาและความต้องการการช่วยเหลือ ให้คำปรึกษา แนะนำ วิเคราะห์ปัญหาและหาวิธีการแก้ไขปัญหา ในกรณีที่มีคดีความทางกฎหมาย อาจต้องรวบรวมข้อมูลของผู้ประสบปัญหารายงาน ต่อศาลเพื่อดำเนินการไปตามขั้นตอนของกฎหมาย วางแผน ประเมิน ปรับปรุง และพัฒนาการให้บริการด้านสวัสดิการ จัดตั้งองค์กรทางสังคม ศูนย์ หรือหน่วยงานที่ดำเนินงานในลักษณะที่คล้ายคลึงกันเพื่อจัดระเบียบและกิจกรรมด้านสันทนาการ สังคมและการศึกษา หรือโดยวิธีการอื่น ๆ เพื่อป้องกันปัญหาที่อาจเกิดกับเด็ก วัยรุ่นหรือให้มีการฟื้นฟูจิตใจของเด็กที่มีปัญหา ช่วยเหลือผู้ที่มีความบกพร่องทางกายและจิตใจให้ได้รับการบำบัดรักษาอย่างถูกต้องและเพียงพอเพื่อให้อยู่ในสังคมได้ วางแผน จัดตั้งองค์กรหรือให้บริการปัญหาของครอบครัว ปฏิบัติหน้าที่การงานที่เกี่ยวข้องและควบคุมดูแลผู้ปฏิบัติงานอื่น ๆ,1,NaT,NaT,None,None
2451,2,24,245, นักประพันธ์ นักหนังสือพิมพ์และนักเขียนอื่น ๆ ,"Authors , Journalists and Other Writers",ผู้ที่ปฏิบัติงานอาชีพในหน่วยนี้ ได้แก่ ผู้ที่คิดและเขียนงานเชิงวรรณกรรม เพื่อจัดพิมพ์หรือนำเสนอในรูปของละคร เขียนบทละคร ภาพยนตร์ เพื่อผลิตผลงานทางด้านการแสดงและนำเสนอต่อสาธารณชนในรูปแบบของละครเวที ละครวิทยุ ละครโทรทัศน์ และภาพยนต์ทั่วไป เขียนวิเคราะห์ วิจารณ์และยกย่องผลงานด้านวรรณกรรม ดนตรี การแสดง และงานศิลปะอื่น ๆ รวบรวม รายงานและแสดงข้อคิดเห็นเกี่ยวกับข่าวและเหตุการณ์ต่าง ๆ ที่เกิดขึ้นในปัจจุบันเพื่อพิมพ์ข้อความในหน้าหนังสือพิมพ์และวารสารต่าง ๆ หรือเพื่อเผยแพร่ทางวิทยุและโทรทัศน์ รวมทั้งข่าวของนักการเมืองและบุคคลต่าง ๆ เขียนบทบรรณาธิการ คัดเลือก ปรับปรุงแก้ไขเนื้อหาสาระและเรียบเรียงบทความต่าง ๆ เพื่อการเผยแพร่ในหน้าหนังสือพิมพ์ และวารสาร เขียนบทโฆษณาสินค้าหรือบริการต่าง ๆ คัดเลือกและเตรียมชิ้นงานโฆษณาให้เหมาะสมกับธุรกิจหรือองค์กรเผยแพร่ทางหนังสือพิมพ์ วิทยุ โทรทัศน์ และสื่ออื่น ๆ ออกแบบและเขียนคู่มือและสิ่งพิมพ์ทางวิชาการต่าง ๆ ปฏิบัติหน้าที่การงานที่เกี่ยวข้องและควบคุมดูแลผู้ปฏิบัติงานอื่น ๆ ,1,NaT,NaT,None,None
2452,2,24,245, ช่างแกะสลัก ช่างปั้น ช่างหล่อ จิตกรและผู้ทำงานศิลปะอื่น ๆ ที่เกี่ยวข้อง,"Sculptors , Painters and Related Artists", ผู้ปฏิบัติงานอาชีพในหน่วยนี้ ได้แก่ ผู้ที่คิดหรือสร้างสรรค์งานแกะสลัก ปั้น หล่อรูปสามมิติ หรือรูปสลักลอยตัวที่เหมือนจริงหรือตามที่จินตนาการขึ้น ทำการจัดรูปทรงโดยใช้วัตถุต่าง ๆ ประกอบกัน เช่น ไม้ หิน ดินเหนียวหรือโลหะ วาดภาพที่เหมือนจริงตามที่คิดขึ้น โดยใช้ดินสอ หมึกชอล์ค สีน้ำมัน สีน้ำหรืออุปกรณ์อื่น ๆ เขียนการ์ตูน รวมถึงการเขียนการ์ตูนรวมถึงการเขียนการ์ตูนเพื่อบรรยายเหตุการณ์ หรือล้อเลียนบุคคล ออกแบบและวาดภาพประกอบเรื่องในหนังสือนิตยสาร เพื่อการโฆษณาและอื่น ๆ ที่คล้ายคลึงกัน เขียนภาพจำลอง ย่อส่วน ขนาดของสิ่งของให้เล็กลง ทำการบูรณะซ่อมแซมศิลปะวัตถุหรือภาพวาดที่ชำรุดเสียหาย รวมทั้งปฏิบัติหน้าที่การงานที่เกี่ยวข้องและควบคุมดูแลผู้ปฏิบัติงานอื่น ๆ ,1,NaT,NaT,None,None
2453,2,24,245, นักประพันธ์เพลง นักดนตรีและนักร้อง,"Composers , Musicians and Singers", ผู้ปฏิบัติงานอาชีพในหน่วยนี้ ได้แก่ ผู้ที่ประพันธ์บทเพลงต่าง ๆ ที่เกิดจากจิตนาการ และเรียบเรียงเสียงดนตรีด้วยเครื่องดนตรีเพียงเครื่องเดียว หรือหลายเครื่องเพื่อให้สอดคล้องและเหมาะสมกับบทเพลง แสดงดนตรีเป็นกลุ่ม เป็นวง หรือแสดงเดี่ยว ขับร้องเพลงด้วยการเป็นผู้ขับร้องเดียว หรือร้องประสานเสียงเป็นหมู่คณะ ปฏิบัติหน้าที่การงานที่เกี่ยวข้อง และควบคุมดูแลผู้ปฏิบัติงานอื่น ๆ ,1,NaT,NaT,None,None
2454,2,24,245, นักออกแบบท่าเต้นและนักเต้นรำ ,Choreographers and Dancers,ผู้ปฏิบัติงานอาชีพในหน่วยนี้ ได้แก่ ผู้ที่คิดหรือประดิษฐท่าเต้นต่าง ๆ ให้กลมกลืนกับเนื้อเพลงและรูปแบบการแสดง แสดงการเต้นรำแบบแสดงเดี่ยว แสดงคู่หรือแสดงเป็นกลุ่ม ปฏิบัติหน้าที่การงานที่เกี่ยวข้อง และควบคุมดูแลผู้ปฏิบัติงานอื่น ๆ ,1,NaT,NaT,None,None
2455,2,24,245, นักแสดง ผู้กำกับภาพยนต์ ละคร และงานอื่น ๆ ที่เกี่ยวข้อง,"Film , Stage and Related Actors and Directors",ผู้ปฏิบัติงานอาชีพในหน่วยนี้ ได้แก่ นักแสดง ผู้กำกับภาพยนตร์ ละครและงานสาขาอื่นที่เกี่ยวข้อง หรือผู้ดูแลงานการผลิตรายการบันเทิงต่าง ๆ ทั้งทางโทรทัศน์ หรือวิทยุหรืองานแสดงบนเวที คัดเลือก / กำหนดนักแสดง เครื่องแต่งตัว ฉาก ระบบเสียงหรือแสง เล่าเรื่อง หรืออ่านออกเสียงงานวรรณกรรมต่างๆ เพื่อให้ความรู้หรือความบันเทิงแก่ผู้ฟัง ปฏิบัติหน้าที่การงานที่เกี่ยวข้องและควบคุมดูแลผู้ปฏิบัติงานอื่นๆ,1,NaT,NaT,None,None
2460,2,24,246, นักบวชและผู้ปฏิบัติงานที่เกี่ยวข้อง ,Religious Professionals, ผู้ปฏิบัติงานอาชีพในหน่วยนี้ ได้แก่ ผู้ที่ให้บริการทางศาสนา ให้คำแนะนำทางศาสนาทั้งเรื่องจิตวิญญาณและจริยธรรม ปฏิบัติศาสนกิจตามความเชื่อมั่นและตามศาสนา ลัทธิหรือนิกาย รวมทั้งทำหน้าที่ดำเนินการด้านพิธีกรรมทางศาสนา โดยได้รับใบอนุญาตหรืออนุญาตให้ประกอบศาสนกิจ เช่น พิธีกรรมเกี่ยวกับการเข้ารีต การไถ่บาปและการทำพิธีบวงสรวงเทพเจ้าต่าง ๆ หรือพระเจ้า เป็นต้น เผยแพร่หลักคำสอนทางศาสนาในประเทศหรือต่างประเทศ จัดเตรียมการเทศนาธรรมและคำสวด บริหารงานภายในองค์กรทางศาสนา รวมถึงการเข้าร่วมเป็นคณะกรรมการและการประชุมขององค์กรทางศาสนาต่าง ๆ ปฏิบัติหน้าที่การงานที่เกี่ยวข้องและควบคุมดูแลผู้ปฏิบัติงานอื่น ๆ ,1,NaT,NaT,None,None
3111,3,31,311, ช่างเทคนิคด้านวิทยาศาสตร์กายภาพและเคมี ,Chemical and Physical Science Technicians, ผู้ปฏิบัติงานอาชีพในหน่วยนี้ ได้แก่ ผู้ที่ทำงานด้านเทคนิคเกี่ยวกับการค้นคว้า วิจัยทางเคมี ฟิสิกส์ ธรณีวิทยา ภูมิฟิสิกส์ อุตุนิยมวิทยาและดาราศาสตร์ รวมถึงการพัฒนาด้านอุตสาหกรรม การแพทย์ การทหาร และการประยุกต์ใช้ผลจากการค้นคว้าวิจัย จัดเตรียมรายละเอียดค่าใช้จ่ายต่าง ๆ ของโครงการวิจัย เก็บรวบรวมตัวอย่าง จัดเตรียมวัสดุอุปกรณ์และช่วยเหลือในเรื่องการออกแบบ และดำเนินการทดลอง ทดสอบ และวิเคราะห์ ใช้เทคนิคต่าง ๆ แก้ไขปัญหาที่เกิดขึ้นในระหว่างการปฏิบัติงาน จัดระบบการบำรุงรักษาและซ่อมแซมอุปกรณ์ค้นคว้าวิจัย ปฏิบัติหน้าที่การงานที่เกี่ยวข้องและควบคุมดูแลผู้ปฏิบัติงานอื่น ๆ,1,NaT,NaT,None,None
3112,3,31,311, ช่างเทคนิควิศวกรรมโยธา ,Civil Engineering Technicians, ผู้ปฏิบัติงานอาชีพในหน่วยนี้ ได้แก่ ผู้ที่ทำงานด้านเทคนิคที่เกี่ยวข้องกับงานวิศวกรรมโยธา ได้แก่ งานออกแบบ ก่อสร้าง บำรุงรักษาและซ่อมแซมสิ่งปลูกสร้าง อาคารและโครงสร้างอื่น ๆ ที่เกี่ยวกับงานด้านโยธา เช่น ระบบท่อประปา ท่อน้ำเสีย สะพาน ถนน เขื่อน และสนามบินต่าง ๆ ทำงานด้านการทดสอบดิน วัสดุก่อสร้าง โดยเป็นช่างเทคนิคดูแลการก่อสร้างสิ่งปลูกสร้าง และโครงสร้างอื่น ๆ รวมทั้งทำหน้าที่สำรวจดิน จัดทำรายงานการสำรวจ จัดเตรียมรายละเอียดต่าง ๆ ของโครงการในเรื่องปริมาณและต้นทุนของวัสดุ รวมถึงค่าแรง เป็นตัวแทนสถาปนิกและวิศวกรโยธาในการตรวจสอบสิ่งปลูกสร้างและโครงสร้างอื่น ๆ ให้เป็นไปตามแบบและมาตรฐานที่กำหนดไว้ในเรื่องของวัสดุและฝีมือการก่อสร้าง รวมทั้งการใช้ความรู้ทางเทคนิคในการแก้ไขปัญหาที่เกิดขึ้น จัดเตรียมงานด้านการบำรุงรักษาและซ่อมแซม ปฏิบัติหน้าที่การงานที่เกี่ยวข้องและควบคุมดูแลผู้ปฏิบัติงานอื่น ๆ,1,NaT,NaT,None,None
3113,3,31,311, ช่างเทคนิควิศวกรรมไฟฟ้า ,Electrical Engineering Technicians, ผู้ปฏิบัติงานอาชีพในหน่วยนี้ ได้แก่ ผู้ที่ทำงานด้านเทคนิคที่เกี่ยวข้องกับการค้นคว้าวิจัยทางวิศวกรรมไฟฟ้า การออกแบบ ผลิต ประกอบ บำรุงรักษาและซ่อมแซมอุปกรณ์ไฟฟ้า รวมถึงการวางระบบการจัดจำหน่าย จัดเตรียมรายละเอียดต่างๆ ในเรื่องปริมาณและต้นทุนค่าใช้จ่ายเกี่ยวกับวัสดุและค่าแรงในการผลิตและติดตั้งอุปกรณ์ไฟฟ้า ออกแบบและจัดเตรียมแบบเพื่อการติดตั้ง ทำการทดสอบและพัฒนาอุปกรณ์ไฟฟ้าและสิ่งอำนวยความสะดวกต่างๆ ควบคุมด้านเทคนิคการผลิต การติดตั้ง การใช้งาน การบำรุงรักษา การบำรุงซ่อมแซมอุปกรณ์ไฟฟ้าและระบบการจัดจำหน่ายให้เป็นไปตามข้อกำหนดและกฎข้อบังคับ ใช้ความรู้ทางเทคนิควิศวกรรมไฟฟ้าเพื่อแก้ไขปัญหาที่เกิดขึ้นในการปฎิบัติงาน ปฏิบัติหน้าที่การงานที่เกี่ยวข้องและควบคุมดูแลผู้ปฏิบัติงานอื่นๆ,1,NaT,NaT,None,None
3114,3,31,311, ช่างเทคนิควิศวกรรมอิเล็กทรอนิกส์และโทรคมนาคม,Electronics and Telecommunications Engineering Technicians,ผู้ปฏิบัติงานอาชีพในหน่วยนี้ ได้แก่ ผู้ที่ทำงานด้านเทคนิคที่เกี่ยวกับการค้นคว้า วิจัยทางวิศวกรรมอิเล็กทรอนิกส์และโทรคมนาคม ออกแบบ ผลิต ประกอบ ติดตั้ง บำรุงรักษา และซ่อมแซมอุปกรณ์ ระบบอิเล็กทรอนิกส์และโทรคมนาคม จัดเตรียมรายละเอียดต่างๆ ในเรื่องปริมาณงาน ต้นทุน วัสดุและแรงงานในการผลิต ออกแบบและจัดเตรียมแบบเพื่อการผลิต การติดตั้ง การใช้งาน การบำรุงรักษาและการซ่อมแซมอุปกรณ์เพื่อให้เป็นไปตามข้อกำหนดและกฎข้อบังคับ ใช้ความรู้ทางเทคนิควิศวกรรมอิเล็กทรอนิกส์และโทรคมนาคม แก้ไขปัญหาที่เกิดขึ้นระหว่างการปฏิบัติงาน ปฏิบัติหน้าที่การงานที่เกี่ยวข้องและควบคุมดูแลผู้ปฏิบัติงานอื่นๆ,1,NaT,NaT,None,None
3115,3,31,311, ช่างเทคนิควิศวกรรมเครื่องกล ,Mechanical Engineering Technicians, ผู้ปฏิบัติงานอาชีพในหน่วยนี้ ได้แก่ ผู้ที่ทำงานด้านเทคนิคที่เกี่ยวข้องกับการค้นคว้า วิจัย ด้านวิศวกรรมเครื่องกล การออกแบบ ผลิต ประกอบ ติดตั้ง บำรุงรักษา และซ่อมแซมเครื่องจักรกล จัดเตรียมรายละเอียดต่าง ๆ ในเรื่องปริมาณงาน ต้นทุน วัสดุ และแรงงาน ในการผลิตและติดตั้งอุปกรณ์ ออกแบบและจัดเตรียมการวางผังเครื่องจักร ทดสอบและพัฒนาติดตั้งระบบอุปกรณ์และสิ่งอำนวยความสะดวกต่าง ๆ ควบคุมเทคนิคการผลิต การใช้งาน การบำรุงรักษาและการซ่อมแซมเครื่องจักรและระบบอุปกรณ์การติดตั้ง สิ่งอำนวยความสะดวกและอุปกรณ์ประกอบให้เป็นไปตามข้อกำหนดและกฎข้อบังคับ ใช้ความรู้ทางเทคนิควิศวกรรมเครื่องกลในการแก้ไขปัญหาที่เกิดขึ้นในระหว่างการปฏิบัติงาน พัฒนาและติดตามผลการบังคับใช้มาตรฐานและขั้นตอนความปลอดภัยสำหรับงานสำรวจทะเลที่เกี่ยวกับเรือ เครื่องมือและอุปกรณ์ ประสานงานและดูแลการทำงานของ คนงานบนเรือให้ทำความสะอาด ทาสีและซ่อมแซมเรือ ปฏิบัติหน้าที่การงานที่เกี่ยวข้องและควบคุมดูแลผู้ปฏิบัติงานอื่น ๆ,1,NaT,NaT,None,None
3116,3,31,311, ช่างเทคนิควิศวกรรมเคมี ,Chemical Engineering Technicians, ผู้ปฏิบัติงานอาชีพในหน่วยนี้ ได้แก่ ผู้ปฏิบัติงานที่เกี่ยวข้องกับการวิจัยสาขาวิศวกรรมเคมี ควบคุมดูแลงานเทคนิค การออกแบบ การผลิต การก่อสร้าง การดำเนินงาน การบำรุงรักษาและซ่อมแซมโรงงานเคมีภัณฑ์ และช่วยงานทางเทคนิคด้านเทคโนโลยีของวัสดุ ผลิตภัณฑ์และกรรมวิธีต่างๆ โดยเฉพาะ : ช่วยปฏิบัติงานเกี่ยวกับการค้นคว้า วิจัยและการพัฒนากรรมวิธีทางเคมีอุตสาหกรรม ออกแบบและจัดเตรียมการวางผังโรงงานเคมีภัณฑ์ รวมทั้งจัดเตรียมประมาณการเกี่ยวกับปริมาณและต้นทุนค่าใช้จ่ายของวัสดุและค่าจ้างแรงงานในการติดตั้งและการผลิตตามรายละเอียดของข้อกำหนด ประยุกต์ใช้ความรู้ตามหลักเกณฑ์การปฏิบัติงานวิศวกรรมเคมีในการหาสาเหตุและวิธีการแก้ไขปัญหาที่เกิดขึ้นในขณะปฏิบัติงาน ตลอดจนปฏิบัติหน้าที่การงานที่เกี่ยวข้องและควบคุมดูแลผู้ปฏิบัติงานอื่นๆ,1,NaT,NaT,None,None
3117,3,31,311, ช่างเทคนิควิศวกรรมเหมืองแร่และโลหวิทยา ,Mining and Metallurgical Technicians,ผู้ปฏิบัติงานอาชีพในหน่วยนี้ ได้แก่ ผู้ปฏิบัติงานด้านเทคนิคที่เกี่ยวข้องกับการวิจัยด้านโลหะกรรม เพื่อพัฒนาวิธีการสกัดแร่ น้ำมันและแก๊ส การออกแบบ การก่อสร้าง การดำเนินงาน การบำรุงรักษาและซ่อมแซมเหมืองแร่ ระบบการลำเลียงและการจัดเก็บน้ำมันและแก๊สธรรมชาติ และโรงงานสกัดโลหะจากสินแร่ : ช่วยปฏิบัติงานด้านเทคนิคเกี่ยวกับการวิจัยและการพัฒนากรรมวิธีเพื่อค้นหาคุณสมบัติต่างๆ ของโลหะและโลหะผสมแบบใหม่ หรือการพัฒนาวิธีการสกัดแร่ น้ำมันและแก๊สธรรมชาติ วิธีการขนส่งและการเก็บรักษา หรือการทดสอบต้นแบบ รวมทั้งการสำรวจทางธรณีวิทยา การออกแบบการวางผังระบบการสกัดและการขนส่งน้ำมัน แก๊สธรรมชาติและแร่ธาตุ จัดเตรียมประมาณการเกี่ยวกับปริมาณและต้นทุนค่าใช้จ่ายของวัสดุและค่าจ้างแรงงาน ในโครงการสำรวจค้นหา การสกัดและขนถ่ายแร่ธาตุ น้ำมันและแก๊สธรรมชาติ ประยุกต์ใช้ความรู้ทางด้านเทคนิคเกี่ยวกับการเหมืองแร่ การสกัดแยกน้ำมันและแก๊สธรรมชาติ การขนถ่ายและการเก็บรักษาและหลักเกณฑ์การปฏิบัติด้านโลหะวิทยาในการแก้ไขปัญหาต่างๆ ที่เกิดขึ้นในขณะปฏิบัติงาน ตลอดจนปฏิบัติหน้าที่การงานที่เกี่ยวข้องและควบคุมดูแลผู้ปฏิบัติงานอื่นๆ,1,NaT,NaT,None,None
3118,3,31,311, ช่างเขียนแบบ ,Draughtspersons,ผู้ปฏิบัติงานอาชีพในหน่วยนี้ ได้แก่ ผู้ที่เขียนแบบและแก้ไขแบบเขียนจากภาพสเก็ตซ์ต่าง ๆ ตามที่วิศวกร สถาปนิกและผู้ออกแบบกำหนดไว้ เพื่อใช้ในการผลิต การสร้าง การติดตั้ง เครื่องจักรอุปกรณ์และสิ่งก่อสร้างต่าง ๆ เช่น เขื่อน สะพาน ถนน อาคารในโครงการด้านสถาปัตยกรรมและวิศวกรรมโยธาอื่น ๆ รวมทั้งเพื่อไว้ใช้ในการบำรุงรักษาและการซ่อมแซม เป็นผู้จัดทำแผนที่ลักษณะต่าง ๆ เช่น แผนที่เกี่ยวกับเส้นทาง ความสูง ต่ำ ทางน้ำ สาธารณูปโภคและแผนที่สำคัญอื่น โดยทำการคัดลอกแบบเขียนและภาพต่าง ๆ ลงบนกระดาษไขหรือลงบนแผ่นแม่พิมพ์หรือ เครื่องมือเขียนแบบโดยใช้อุปกรณ์เครื่อง (คอมพิวเตอร์) “คณิตกรณ์” ปฏิบัติหน้าที่การงานที่เกี่ยวข้องและควบคุมดูแล ผู้ปฏิบัติงานอื่น ๆ,1,NaT,NaT,None,None
3119,3,31,311, ช่างเทคนิควิทยาศาสตร์กายภาพและวิศวกรรมที่มิได้จัดประเภทไว้ในที่อื่น ,Physical and Engineering Science Technicians Not Elsewhere Classified,ผู้ปฏิบัติงานอาชีพในหน่วยนี้ ได้แก่ ผู้ปฏิบัติงานที่เกี่ยวข้องกับงานด้านเทคนิควิทยาศาสตร์กายภาพและวิศวกรรมที่มิได้จัดประเภทไว้ในที่อื่น ทำหน้าที่เป็นผู้ช่วยวิศวกรในการรวบรวม ข้อมูลต่างๆ และช่วยปฏิบัติงานในเรื่องของการวางแผนการผลิต การใช้บุคลากร วัสดุและอุปกรณ์อย่างประหยัด ปลอดภัยและมีประสิทธิภาพ รวมถึงการควบคุมการปฏิบัติงาน การจัดระเบียบการทำงาน การศึกษาเรื่องเวลาการดำเนินงาน การจัดวางผังโรงงานหรือสถานที่อย่างมีประสิทธิภาพ มีส่วนร่วมในการวิเคราะห์ สิ่งที่เป็นอันตรายและแนะนำการใช้อุปกรณ์ป้องกันความปลอดภัยและวิธีการใช้ ติดตามผลการประเมินค่าใช้จ่ายการก่อสร้างและโครงการด้านสถาปัตยกรรม ปฏิบัติหน้าที่การงานที่เกี่ยวข้องและควบคุมดูแลผู้ปฏิบัติงานอื่นๆ,1,NaT,NaT,None,None
